img_path,steering,throttle,lwheel,rwheel,speed_signed,timestamp
00000.png,0,0.0,0.0,0.0,3.7638376407127695e-09,2025-07-24T21:42:54.154448
00001.png,0,0.0,0.0,0.0,3.7632149859315076e-09,2025-07-24T21:42:54.359452
00002.png,0,0.0,0.0,0.0,3.762560115635286e-09,2025-07-24T21:42:54.559397
00003.png,0,20.0,6.0,6.0,0.17149718568629374,2025-07-24T21:42:54.775354
00004.png,0,20.0,10.2,10.2,0.43883746162942117,2025-07-24T21:42:54.985086
00005.png,0,20.0,13.139999999999999,13.139999999999999,0.6349285542914223,2025-07-24T21:42:55.200643
00006.png,0,20.0,15.197999999999999,15.197999999999999,0.8902473629708562,2025-07-24T21:42:55.412839
00007.png,-1,20.0,12.138599999999999,21.138599999999997,0.9347476699207994,2025-07-24T21:42:55.631078
00008.png,-1,20.0,9.99702,25.297019999999996,0.9504899190319436,2025-07-24T21:42:55.840425
00009.png,-1,20.0,8.497913999999998,28.207913999999995,0.9685200626381234,2025-07-24T21:42:56.071915
00010.png,-1,20.0,7.448539799999998,30.245539799999996,0.9820062582217609,2025-07-24T21:42:56.280081
00011.png,0,20.0,11.213977859999998,27.171877859999995,0.9993305230992955,2025-07-24T21:42:56.511436
00012.png,-1,20.0,9.349784501999999,29.520314501999994,1.033585647803173,2025-07-24T21:42:56.719875
00013.png,0,20.0,12.544849151399998,26.664220151399995,1.0685762447189364,2025-07-24T21:42:56.932841
00014.png,-1,20.0,10.281394405979997,29.164954105979994,1.0703150701005626,2025-07-24T21:42:57.147351
00015.png,0,20.0,13.196976084185998,26.415467874185996,1.0700451301507747,2025-07-24T21:42:57.361175
00016.png,-1,20.0,10.737883258930198,28.990827511930195,1.105588152193744,2025-07-24T21:42:57.588000
00017.png,0,20.0,13.516518281251138,26.293579258351137,1.1087830167736759,2025-07-24T21:42:57.814808
00018.png,-1,20.0,10.961562796875796,28.905505480845793,1.1195690801025628,2025-07-24T21:42:58.044770
00019.png,-1,20.0,9.173093957813057,30.733853836592054,1.1292292370453387,2025-07-24T21:42:58.285749
00020.png,0,20.0,12.42116577046914,27.513697685614435,1.1495802690174761,2025-07-24T21:42:58.509046
00021.png,0,20.0,14.694816039328398,25.259588379930104,1.1760144981065306,2025-07-24T21:42:58.738690
00022.png,0,20.0,16.286371227529877,23.681711865951073,1.1488240000505627,2025-07-24T21:42:58.977217
00023.png,0,20.0,17.400459859270914,22.57719830616575,1.1369106392947976,2025-07-24T21:42:59.254811
00024.png,1,20.0,22.68032190148964,17.304038814316023,1.133699143697421,2025-07-24T21:42:59.519930
00025.png,0,20.0,21.876225331042747,18.112827170021216,1.183646561858695,2025-07-24T21:42:59.788051
00026.png,0,20.0,21.313357731729923,18.67897901901485,1.2199799275354481,2025-07-24T21:43:00.064189
00027.png,-1,20.0,16.419350412210946,23.575285313310395,1.2009992443523279,2025-07-24T21:43:00.349512
00028.png,-1,20.0,12.993545288547661,27.002699719317278,1.1712911014374054,2025-07-24T21:43:00.623093
00029.png,-1,20.0,10.595481701983362,29.401889803522092,1.1647251285696725,2025-07-24T21:43:00.934593
00030.png,-1,20.0,8.916837191388353,31.081322862465463,1.2015402537154714,2025-07-24T21:43:01.245890
00031.png,-1,20.0,7.741786033971847,32.25692600372582,1.2189015854890055,2025-07-24T21:43:01.549759
00032.png,-1,20.0,6.919250223780293,33.079848202608076,1.2563827462118122,2025-07-24T21:43:01.842240
00033.png,0,20.0,10.843475156646205,29.15589374182565,1.2429436880032918,2025-07-24T21:43:02.137512
00034.png,0,20.0,13.590432609652343,26.409125619277955,1.2475076884450635,2025-07-24T21:43:02.419945
00035.png,0,20.0,15.51330282675664,24.486387933494566,1.2150276949622418,2025-07-24T21:43:02.696325
00036.png,1,20.0,21.359311978729647,18.640471553446194,1.1852582388183865,2025-07-24T21:43:02.963248
00037.png,0,20.0,20.951518385110752,19.048330087412335,1.2158902201149606,2025-07-24T21:43:03.230563
00038.png,0,20.0,20.666062869577523,19.333831061188633,1.2408999196981938,2025-07-24T21:43:03.511741
00039.png,0,20.0,20.466244008704265,19.533681742832044,1.2359440099742152,2025-07-24T21:43:03.785707
00040.png,-1,20.0,15.826370806092985,24.17357721998243,1.2245801537598322,2025-07-24T21:43:04.077237
00041.png,-1,20.0,12.578459564265088,27.4215040539877,1.231109724340944,2025-07-24T21:43:04.355231
00042.png,-1,20.0,10.30492169498556,29.69505283779139,1.250799285861247,2025-07-24T21:43:04.627293
00043.png,-1,20.0,8.713445186489892,31.28653698645397,1.2707747084492804,2025-07-24T21:43:04.898878
00044.png,0,20.0,12.099411630542924,27.90057589051778,1.264739387301497,2025-07-24T21:43:05.153964
00045.png,0,20.0,14.469588141380047,25.530403123362444,1.2358407425137332,2025-07-24T21:43:05.418692
00046.png,0,20.0,16.128711698966033,23.87128218635371,1.1781414820517309,2025-07-24T21:43:05.670761
00047.png,0,20.0,17.29009818927622,22.709897530447595,1.1663216179187985,2025-07-24T21:43:05.930846
00048.png,0,20.0,18.103068732493355,21.896928271313314,1.172820766935033,2025-07-24T21:43:06.205235
00049.png,-1,20.0,14.172148112745347,25.82784978991932,1.1767907177127785,2025-07-24T21:43:06.463708
00050.png,-1,20.0,11.420503678921742,28.579494852943522,1.184387118816868,2025-07-24T21:43:06.721156
00051.png,-1,20.0,9.49435257524522,30.505646397060463,1.1853710674026536,2025-07-24T21:43:06.958166
00052.png,-1,20.0,8.146046802671654,31.85395247794232,1.1950622805579016,2025-07-24T21:43:07.195069
00053.png,0,20.0,11.702232761870157,28.297766734559623,1.2129188884123496,2025-07-24T21:43:07.437597
00054.png,1,20.0,18.691562933309108,21.308436714191735,1.2183905554379721,2025-07-24T21:43:07.660788
00055.png,0,20.0,19.084094053316374,20.915905699934214,1.19388695436954,2025-07-24T21:43:07.873526
00056.png,0,20.0,19.35886583732146,20.64113398995395,1.1877193551155312,2025-07-24T21:43:08.086132
00057.png,0,20.0,19.55120608612502,20.448793792967763,1.2078123681835755,2025-07-24T21:43:08.316241
00058.png,-1,20.0,15.185844260287514,24.814155655077435,1.2024074148063053,2025-07-24T21:43:08.540927
00059.png,-1,20.0,12.130090982201258,27.869908958554202,1.208250374732124,2025-07-24T21:43:08.769597
00060.png,-1,20.0,9.99106368754088,30.00893627098794,1.202255608016337,2025-07-24T21:43:08.990332
00061.png,0,20.0,12.993744581278616,27.006255389691557,1.186915924967875,2025-07-24T21:43:09.209844
00062.png,0,20.0,15.09562120689503,24.90437877278409,1.211437200348332,2025-07-24T21:43:09.419722
00063.png,0,20.0,16.56693484482652,23.433065140948862,1.176479530888044,2025-07-24T21:43:09.651219
00064.png,0,20.0,17.596854391378564,22.403145598664203,1.1568628539441241,2025-07-24T21:43:09.865543
00065.png,-1,20.0,13.817798073964994,26.18220191906494,1.1454589974801583,2025-07-24T21:43:10.085658
00066.png,0,20.0,15.672458651775495,24.32754134334546,1.1612131455452872,2025-07-24T21:43:10.303445
00067.png,0,20.0,16.970721056242844,23.02927894034182,1.1744701046946775,2025-07-24T21:43:10.514018
00068.png,0,20.0,17.87950473936999,22.120495258239274,1.1518650336955507,2025-07-24T21:43:10.742757
00069.png,-1,20.0,14.015653317558993,25.98434668076749,1.1504748730783014,2025-07-24T21:43:10.966835
00070.png,-1,20.0,11.310957322291294,28.68904267653724,1.1447321193527542,2025-07-24T21:43:11.181848
00071.png,-1,20.0,9.417670125603905,30.582329873576068,1.1622698674441765,2025-07-24T21:43:11.408728
00072.png,-1,20.0,8.092369087922734,31.907630911503247,1.1616442115535428,2025-07-24T21:43:11.647570
00073.png,-1,20.0,7.164658361545913,32.83534163805227,1.1780555670927884,2025-07-24T21:43:11.868126
00074.png,-1,20.0,6.515260853082139,33.484739146636585,1.1785805435680567,2025-07-24T21:43:12.090575
00075.png,-1,20.0,6.060682597157497,33.93931740264561,1.1913928948927466,2025-07-24T21:43:12.306188
00076.png,-1,20.0,5.742477818010247,34.257522181851925,1.198433812840494,2025-07-24T21:43:12.533839
00077.png,-1,20.0,5.519734472607173,34.480265527296346,1.1907276741456165,2025-07-24T21:43:12.758363
00078.png,-1,20.0,5.363814130825021,34.636185869107436,1.2063920004722477,2025-07-24T21:43:12.986033
00079.png,-1,20.0,5.254669891577514,34.7453301083752,1.202038897265955,2025-07-24T21:43:13.199355
00080.png,-1,20.0,5.178268924104259,34.82173107586264,1.2230663992587634,2025-07-24T21:43:13.427526
00081.png,-1,20.0,5.124788246872981,34.87521175310384,1.2424753697998605,2025-07-24T21:43:13.642044
00082.png,-1,20.0,5.087351772811086,34.91264822717269,1.2552599782711482,2025-07-24T21:43:13.866570
00083.png,0,20.0,9.56114624096776,30.43885375902088,1.2577474161378794,2025-07-24T21:43:14.077445
00084.png,0,20.0,12.692802368677432,27.307197631314615,1.23887188443331,2025-07-24T21:43:14.291983
00085.png,0,20.0,14.884961658074202,25.11503834192023,1.2412582256022804,2025-07-24T21:43:14.516645
00086.png,0,20.0,16.41947316065194,23.58052683934416,1.192181507353401,2025-07-24T21:43:14.743601
00087.png,0,20.0,17.493631212456357,22.50636878754091,1.1485456576283808,2025-07-24T21:43:14.975028
00088.png,0,20.0,18.245541848719448,21.754458151278637,1.170588226290027,2025-07-24T21:43:15.198738
00089.png,0,20.0,18.771879294103613,21.228120705895044,1.1784297544463764,2025-07-24T21:43:15.410246
00090.png,0,20.0,19.14031550587253,20.85968449412653,1.2013567572648516,2025-07-24T21:43:15.627216
00091.png,0,20.0,19.398220854110768,20.60177914588857,1.1975168326016494,2025-07-24T21:43:15.849991
00092.png,-1,20.0,15.078754597877538,24.921245402121997,1.1782606835719693,2025-07-24T21:43:16.064704
00093.png,-1,20.0,12.055128218514275,27.944871781485396,1.1975995726900772,2025-07-24T21:43:16.291210
00094.png,-1,20.0,9.938589752959992,30.061410247039777,1.2030539366114796,2025-07-24T21:43:16.503539
00095.png,-1,20.0,8.457012827071994,31.542987172927845,1.1963662669476545,2025-07-24T21:43:16.715811
00096.png,-1,20.0,7.419908978950395,32.58009102104949,1.2053178088057794,2025-07-24T21:43:16.931268
00097.png,0,20.0,11.193936285265277,28.80606371473464,1.2232665277675123,2025-07-24T21:43:17.131924
00098.png,0,20.0,13.835755399685693,26.164244600314248,1.2114180975141393,2025-07-24T21:43:17.353604
00099.png,1,20.0,20.185028779779984,19.814971220219974,1.1911654521730768,2025-07-24T21:43:17.568428
00100.png,1,20.0,24.629520145845987,15.37047985415398,1.241836220202354,2025-07-24T21:43:17.771752
00101.png,1,20.0,27.74066410209219,12.259335897907786,1.2812819574799221,2025-07-24T21:43:17.984296
00102.png,1,20.0,29.918464871464533,10.08153512853545,1.3178920976653254,2025-07-24T21:43:18.199520
00103.png,0,20.0,26.942925410025172,13.057074589974814,1.3525441387942392,2025-07-24T21:43:18.425935
00104.png,0,20.0,24.86004778701762,15.139952212982369,1.3643803888086405,2025-07-24T21:43:18.651835
00105.png,0,20.0,23.402033450912334,16.59796654908766,1.3557020425860267,2025-07-24T21:43:18.864205
00106.png,0,20.0,22.381423415638633,17.61857658436136,1.325010713693391,2025-07-24T21:43:19.083235
00107.png,0,20.0,21.66699639094704,18.333003609052952,1.3015290270872464,2025-07-24T21:43:19.297743
00108.png,-1,20.0,16.666897473662928,23.333102526337065,1.3001841267619272,2025-07-24T21:43:19.506052
00109.png,0,20.0,17.666828231564047,22.333171768435946,1.2570845512775117,2025-07-24T21:43:19.711154
00110.png,-1,20.0,13.866779762094833,26.133220237905164,1.2260474991596844,2025-07-24T21:43:19.943956
00111.png,-1,20.0,11.206745833466382,28.793254166533615,1.260801999061826,2025-07-24T21:43:20.162285
00112.png,-1,20.0,9.344722083426467,30.655277916573528,1.2934409433291847,2025-07-24T21:43:20.381701
00113.png,-1,20.0,8.041305458398526,31.958694541601467,1.2987632591479883,2025-07-24T21:43:20.598001
00114.png,-1,20.0,7.128913820878967,32.87108617912102,1.3057645022634026,2025-07-24T21:43:20.817047
00115.png,-1,20.0,6.490239674615276,33.50976032538472,1.3515591471546555,2025-07-24T21:43:21.038252
00116.png,0,20.0,10.543167772230692,29.4568322277693,1.3332008338257046,2025-07-24T21:43:21.284131
00117.png,0,20.0,13.380217440561484,26.61978255943851,1.3202986438565771,2025-07-24T21:43:21.509511
00118.png,0,20.0,15.366152208393038,24.633847791606954,1.3084972894119349,2025-07-24T21:43:21.734559
00119.png,0,20.0,16.756306545875127,23.243693454124866,1.267816615861172,2025-07-24T21:43:21.952408
00120.png,0,20.0,17.72941458211259,22.270585417887407,1.240902446827765,2025-07-24T21:43:22.206410
00121.png,0,20.0,18.410590207478812,21.589409792521185,1.2196035802099705,2025-07-24T21:43:22.469195
00122.png,0,20.0,18.88741314523517,21.112586854764828,1.1798262917187614,2025-07-24T21:43:22.708334
00123.png,0,20.0,19.221189201664615,20.77881079833538,1.1877340357976556,2025-07-24T21:43:22.961296
00124.png,-1,20.0,14.95483244116523,25.045167558834763,1.1903661305742208,2025-07-24T21:43:23.218010
00125.png,0,20.0,16.46838270881566,23.531617291184332,1.1726182314721887,2025-07-24T21:43:23.470194
00126.png,0,20.0,17.52786789617096,22.472132103829033,1.1775033687543959,2025-07-24T21:43:23.707245
00127.png,0,20.0,18.26950752731967,21.73049247268032,1.1686489658116461,2025-07-24T21:43:23.963720
00128.png,0,20.0,18.78865526912377,21.211344730876224,1.1641512387487454,2025-07-24T21:43:24.217435
00129.png,0,20.0,19.15205868838664,20.847941311613354,1.1833014180919426,2025-07-24T21:43:24.455548
00130.png,0,20.0,19.406441081870646,20.593558918129347,1.1854534674515733,2025-07-24T21:43:24.695196
00131.png,-1,20.0,15.084508757309452,24.915491242690543,1.1736278843700299,2025-07-24T21:43:24.948857
00132.png,0,20.0,16.559156130116616,23.440843869883377,1.1836422587557212,2025-07-24T21:43:25.202335
00133.png,0,20.0,17.591409291081632,22.408590708918364,1.1591659626875344,2025-07-24T21:43:25.457394
00134.png,0,20.0,18.313986503757143,21.686013496242854,1.1509697589836825,2025-07-24T21:43:25.707226
00135.png,0,20.0,18.81979055263,21.180209447369997,1.1602632273602826,2025-07-24T21:43:25.962346
00136.png,0,20.0,19.173853386841,20.826146613158997,1.1789492606787217,2025-07-24T21:43:26.218230
00137.png,0,20.0,19.4216973707887,20.578302629211297,1.1921015689913106,2025-07-24T21:43:26.471223
00138.png,0,20.0,19.595188159552087,20.404811840447906,1.2016666202719226,2025-07-24T21:43:26.735881
00139.png,0,20.0,19.71663171168646,20.283368288313532,1.2027707548412863,2025-07-24T21:43:26.989556
00140.png,0,20.0,19.801642198180524,20.19835780181947,1.2084331805438198,2025-07-24T21:43:27.242444
00141.png,0,20.0,19.861149538726366,20.138850461273627,1.2075818679663919,2025-07-24T21:43:27.497210
00142.png,0,20.0,19.902804677108456,20.097195322891537,1.2085515489817469,2025-07-24T21:43:27.749126
00143.png,0,20.0,19.931963273975917,20.068036726024076,1.2156608800137325,2025-07-24T21:43:28.008230
00144.png,0,20.0,19.95237429178314,20.047625708216852,1.2156685985722402,2025-07-24T21:43:28.272945
00145.png,0,20.0,19.9666620042482,20.033337995751793,1.21551688823725,2025-07-24T21:43:28.546856
00146.png,0,20.0,19.976663402973738,20.023336597026255,1.2144009279786976,2025-07-24T21:43:28.801928
00147.png,0,20.0,19.983664382081614,20.01633561791838,1.2170653389130615,2025-07-24T21:43:29.046708
00148.png,0,20.0,19.98856506745713,20.011434932542862,1.2149800037008038,2025-07-24T21:43:29.295075
00149.png,0,20.0,19.991995547219993,20.00800445278,1.21895006289293,2025-07-24T21:43:29.549426
00150.png,0,20.0,19.994396883053994,20.005603116946,1.216151807754858,2025-07-24T21:43:29.801163
00151.png,0,20.0,19.996077818137795,20.003922181862198,1.2206689830902842,2025-07-24T21:43:30.068440
00152.png,0,20.0,19.997254472696454,20.00274552730354,1.2179998657954674,2025-07-24T21:43:30.313913
00153.png,0,20.0,19.998078130887517,20.001921869112476,1.2138398501613088,2025-07-24T21:43:30.566314
00154.png,0,20.0,19.99865469162126,20.00134530837873,1.2177482442800724,2025-07-24T21:43:30.825353
00155.png,0,20.0,19.999058284134883,20.00094171586511,1.217812965840261,2025-07-24T21:43:31.072201
00156.png,0,20.0,19.999340798894416,20.000659201105577,1.215507957057181,2025-07-24T21:43:31.310952
00157.png,1,20.0,24.49953855922609,15.500461440773902,1.2380641801331023,2025-07-24T21:43:31.551072
00158.png,0,20.0,23.14967699145826,16.85032300854173,1.2571958521409425,2025-07-24T21:43:31.792780
00159.png,1,20.0,26.704773894020782,13.295226105979209,1.2872778047684332,2025-07-24T21:43:32.031800
00160.png,1,20.0,29.193341725814545,10.806658274185446,1.3049728743662743,2025-07-24T21:43:32.260177
00161.png,0,20.0,26.43533920807018,13.564660791929812,1.3355176038694918,2025-07-24T21:43:32.482766
00162.png,1,20.0,29.004737445649123,10.995262554350868,1.3613734601831282,2025-07-24T21:43:32.723847
00163.png,1,20.0,30.803316211954385,9.196683788045608,1.3936528624788616,2025-07-24T21:43:32.951186
00164.png,0,20.0,27.56232134836807,12.437678651631925,1.3934163037103204,2025-07-24T21:43:33.165783
00165.png,0,20.0,25.293624943857647,14.706375056142347,1.4016819571624846,2025-07-24T21:43:33.386286
00166.png,0,20.0,23.705537460700352,16.294462539299644,1.3944127700691231,2025-07-24T21:43:33.592784
00167.png,0,20.0,22.593876222490245,17.406123777509748,1.3455035641754811,2025-07-24T21:43:33.809229
00168.png,0,20.0,21.81571335574317,18.184286644256822,1.2974257472613127,2025-07-24T21:43:34.034957
00169.png,0,20.0,21.27099934902022,18.729000650979774,1.2518405687291985,2025-07-24T21:43:34.273225
00170.png,1,20.0,25.38969954431415,14.610300455685842,1.280487752540788,2025-07-24T21:43:34.490372
00171.png,1,20.0,28.272789681019905,11.727210318980088,1.311022967178776,2025-07-24T21:43:34.708233
00172.png,1,20.0,30.290952776713933,9.709047223286062,1.3316329545853864,2025-07-24T21:43:34.934309
00173.png,1,20.0,31.70366694369975,8.296333056300242,1.3622516382818457,2025-07-24T21:43:35.141294
00174.png,1,20.0,32.69256686058982,7.307433139410168,1.3911093550945375,2025-07-24T21:43:35.368894
00175.png,1,20.0,33.38479680241287,6.6152031975871175,1.3966189897225385,2025-07-24T21:43:35.599144
00176.png,0,20.0,29.36935776168901,10.630642238310982,1.4401859050181922,2025-07-24T21:43:35.821670
00177.png,0,20.0,26.558550433182305,13.441449566817687,1.4369278791450413,2025-07-24T21:43:36.036729
00178.png,0,20.0,24.590985303227612,15.40901469677238,1.4196444450867514,2025-07-24T21:43:36.265569
00179.png,-1,20.0,18.713689712259328,21.286310287740665,1.2844028809592267,2025-07-24T21:43:36.491998
00180.png,0,20.0,19.09958279858153,20.900417201418463,1.1986821622362411,2025-07-24T21:43:36.730188
00181.png,0,20.0,19.36970795900707,20.630292040992924,1.1947739077985333,2025-07-24T21:43:36.957077
00182.png,0,20.0,19.558795571304948,20.441204428695045,1.2075223422054648,2025-07-24T21:43:37.167473
00183.png,1,20.0,24.191156899913462,15.80884310008653,1.2314474359153147,2025-07-24T21:43:37.394262
00184.png,1,20.0,27.433809829939424,12.56619017006057,1.2476563052869856,2025-07-24T21:43:37.606428
00185.png,0,20.0,25.203666880957595,14.7963331190424,1.2885322962224204,2025-07-24T21:43:37.838407
00186.png,1,20.0,28.142566816670314,11.857433183329679,1.3306814946586394,2025-07-24T21:43:38.062707
00187.png,0,20.0,25.69979677166922,14.300203228330775,1.3488629142667234,2025-07-24T21:43:38.281011
00188.png,0,20.0,23.989857740168453,16.01014225983154,1.336476247041413,2025-07-24T21:43:38.516755
00189.png,-1,20.0,18.292900418117917,21.707099581882076,1.2784128777380417,2025-07-24T21:43:38.754428
00190.png,0,20.0,18.80503029268254,21.194969707317455,1.2296287201780323,2025-07-24T21:43:38.981128
00191.png,0,20.0,19.163521204877778,20.83647879512222,1.1919858526992662,2025-07-24T21:43:39.229105
00192.png,0,20.0,19.414464843414443,20.58553515658555,1.1900457619729339,2025-07-24T21:43:39.462526
00193.png,1,20.0,24.09012539039011,15.909874609609885,1.2322537454556453,2025-07-24T21:43:39.699535
00194.png,1,20.0,27.363087773273076,12.636912226726919,1.2642137573850707,2025-07-24T21:43:39.929315
00195.png,0,20.0,25.15416144129115,14.845838558708843,1.3024525506787403,2025-07-24T21:43:40.154964
00196.png,1,20.0,28.107913008903804,11.892086991096189,1.3233674205204244,2025-07-24T21:43:40.390128
00197.png,0,20.0,25.675539106232662,14.324460893767332,1.3346273261763149,2025-07-24T21:43:40.625885
00198.png,1,20.0,28.472877374362863,11.527122625637132,1.375192659484422,2025-07-24T21:43:40.862227
00199.png,0,20.0,25.931014162054,14.068985837945991,1.3688358783091916,2025-07-24T21:43:41.105059
00200.png,0,20.0,24.1517099134378,15.848290086562193,1.3450333959190162,2025-07-24T21:43:41.342542
00201.png,1,20.0,27.406196939406456,12.593803060593535,1.372781854386183,2025-07-24T21:43:41.584467
00202.png,1,20.0,29.684337857584516,10.315662142415475,1.4189299873347103,2025-07-24T21:43:41.808290
00203.png,0,20.0,26.77903650030916,13.220963499690832,1.4167526120554754,2025-07-24T21:43:42.051499
00204.png,1,20.0,29.24532555021641,10.754674449783582,1.447132449185245,2025-07-24T21:43:42.293116
00205.png,1,20.0,30.971727885151488,9.028272114848507,1.4921852598442131,2025-07-24T21:43:42.545367
00206.png,1,20.0,32.18020951960604,7.819790480393954,1.524932805346417,2025-07-24T21:43:42.795935
00207.png,0,20.0,28.526146663724226,11.473853336275766,1.519513518552708,2025-07-24T21:43:43.050845
00208.png,0,20.0,25.968302664606956,14.031697335393035,1.4944936106160582,2025-07-24T21:43:43.305682
00209.png,0,20.0,24.177811865224868,15.822188134775125,1.4545537230574737,2025-07-24T21:43:43.570988
00210.png,0,20.0,22.924468305657406,17.075531694342587,1.3677390592696013,2025-07-24T21:43:43.862867
00211.png,1,20.0,26.547127813960184,13.45287218603981,1.3756436917307164,2025-07-24T21:43:44.161557
00212.png,1,20.0,29.082989469772127,10.917010530227866,1.4127653843617265,2025-07-24T21:43:44.450986
00213.png,1,20.0,30.858092628840488,9.141907371159505,1.43327068288585,2025-07-24T21:43:44.728509
00214.png,1,20.0,32.100664840188344,7.899335159811653,1.4710456095961508,2025-07-24T21:43:45.023270
00215.png,0,20.0,28.47046538813184,11.529534611868156,1.4791004345353875,2025-07-24T21:43:45.315387
00216.png,0,20.0,25.929325771692287,14.070674228307709,1.4770379838319583,2025-07-24T21:43:45.596446
00217.png,0,20.0,24.1505280401846,15.849471959815396,1.4302008671884952,2025-07-24T21:43:45.880443
00218.png,0,20.0,22.90536962812922,17.094630371870778,1.3603851618264409,2025-07-24T21:43:46.158043
00219.png,0,20.0,22.03375873969045,17.966241260309545,1.298657974666033,2025-07-24T21:43:46.438808
00220.png,0,20.0,21.423631117783316,18.57636888221668,1.2746728554171494,2025-07-24T21:43:46.736446
00221.png,1,20.0,25.49654178244832,14.503458217551676,1.290165401144486,2025-07-24T21:43:47.023562
00222.png,1,20.0,28.34757924771382,11.652420752286172,1.3191950460674722,2025-07-24T21:43:47.304235
00223.png,1,20.0,30.343305473399674,9.65669452660032,1.362593847387507,2025-07-24T21:43:47.582408
00224.png,0,20.0,27.24031383137977,12.759686168620224,1.3739986006726044,2025-07-24T21:43:47.851555
00225.png,0,20.0,25.068219681965836,14.931780318034155,1.3596552062927563,2025-07-24T21:43:48.131098
00226.png,0,20.0,23.547753777376084,16.452246222623906,1.358309653817713,2025-07-24T21:43:48.423733
00227.png,0,20.0,22.483427644163257,17.516572355836733,1.3346229294247511,2025-07-24T21:43:48.704540
00228.png,0,20.0,21.73839935091428,18.261600649085715,1.2997989855410808,2025-07-24T21:43:48.986932
00229.png,0,20.0,21.216879545639994,18.78312045436,1.2684469293529124,2025-07-24T21:43:49.265656
00230.png,0,20.0,20.851815681947997,19.148184318051996,1.248243629466572,2025-07-24T21:43:49.553621
00231.png,0,20.0,20.596270977363595,19.403729022636398,1.2362872145349206,2025-07-24T21:43:49.838391
00232.png,0,20.0,20.417389684154514,19.58261031584548,1.2282072082242397,2025-07-24T21:43:50.107003
00233.png,0,20.0,20.29217277890816,19.707827221091833,1.2261230631705184,2025-07-24T21:43:50.378656
00234.png,0,20.0,20.20452094523571,19.795479054764282,1.2230909379441235,2025-07-24T21:43:50.667055
00235.png,0,20.0,20.143164661664997,19.856835338334996,1.2220672853800698,2025-07-24T21:43:50.951614
00236.png,0,20.0,20.100215263165495,19.899784736834498,1.2172487054739922,2025-07-24T21:43:51.235561
00237.png,0,20.0,20.070150684215847,19.929849315784146,1.2220795278449061,2025-07-24T21:43:51.504755
00238.png,0,20.0,20.04910547895109,19.9508945210489,1.2188348794619723,2025-07-24T21:43:51.774271
00239.png,0,20.0,20.03437383526576,19.965626164734232,1.2179036811303763,2025-07-24T21:43:52.051248
00240.png,0,20.0,20.024061684686032,19.97593831531396,1.2216167863730911,2025-07-24T21:43:52.335275
00241.png,0,20.0,20.016843179280222,19.98315682071977,1.2170291415234802,2025-07-24T21:43:52.611103
00242.png,0,20.0,20.011790225496156,19.988209774503837,1.2161596048115626,2025-07-24T21:43:52.894072
00243.png,0,20.0,20.008253157847307,19.991746842152686,1.215488532678953,2025-07-24T21:43:53.174288
00244.png,0,20.0,20.005777210493115,19.99422278950688,1.2207389769991432,2025-07-24T21:43:53.465589
00245.png,0,20.0,20.00404404734518,19.995955952654814,1.2179966607319879,2025-07-24T21:43:53.761162
00246.png,0,20.0,20.002830833141623,19.99716916685837,1.2159651129089375,2025-07-24T21:43:54.034780
00247.png,0,20.0,20.001981583199132,19.99801841680086,1.2150807701995763,2025-07-24T21:43:54.323137
00248.png,0,20.0,20.001387108239392,19.9986128917606,1.2175852237491596,2025-07-24T21:43:54.600298
00249.png,0,20.0,20.000970975767572,19.99902902423242,1.2182875973300327,2025-07-24T21:43:54.888409
00250.png,0,20.0,20.000679683037298,19.999320316962695,1.2171506118653823,2025-07-24T21:43:55.177659
00251.png,0,20.0,20.00047577812611,19.999524221873884,1.2162895385326251,2025-07-24T21:43:55.466122
00252.png,0,20.0,20.000333044688276,19.999666955311717,1.214756247618533,2025-07-24T21:43:55.747553
00253.png,0,20.0,20.000233131281792,19.9997668687182,1.2182855651320188,2025-07-24T21:43:56.028759
00254.png,0,20.0,20.000163191897254,19.999836808102742,1.21539144576408,2025-07-24T21:43:56.314937
00255.png,0,20.0,20.000114234328077,19.99988576567192,1.219332264207389,2025-07-24T21:43:56.601215
00256.png,0,20.0,20.000079964029652,19.99992003597034,1.2162263405999152,2025-07-24T21:43:56.886622
00257.png,0,20.0,20.000055974820754,19.99994402517924,1.217277358093164,2025-07-24T21:43:57.163523
00258.png,0,20.0,20.00003918237453,19.999960817625468,1.2190325522358003,2025-07-24T21:43:57.440371
00259.png,0,20.0,20.000027427662168,19.999972572337825,1.2177607606522223,2025-07-24T21:43:57.712915
00260.png,0,20.0,20.000019199363514,19.99998080063648,1.2161718685474912,2025-07-24T21:43:57.987059
00261.png,0,20.0,20.000013439554458,19.999986560445535,1.2165924627433293,2025-07-24T21:43:58.256846
00262.png,0,20.0,20.00000940768812,19.999990592311875,1.2174849884949752,2025-07-24T21:43:58.523289
00263.png,0,20.0,20.000006585381684,19.99999341461831,1.2177619457703166,2025-07-24T21:43:58.787873
00264.png,0,20.0,20.000004609767178,19.999995390232815,1.2174258052022338,2025-07-24T21:43:59.059607
00265.png,0,20.0,20.000003226837023,19.99999677316297,1.2182683667233214,2025-07-24T21:43:59.334781
00266.png,0,20.0,20.000002258785916,19.999997741214077,1.216954551685522,2025-07-24T21:43:59.608869
00267.png,0,20.0,20.00000158115014,19.999998418849856,1.2210759091984498,2025-07-24T21:43:59.882966
00268.png,0,20.0,20.000001106805097,19.9999988931949,1.2190373942277062,2025-07-24T21:44:00.148600
00269.png,0,20.0,20.000000774763567,19.99999922523643,1.216479362973433,2025-07-24T21:44:00.416652
00270.png,0,20.0,20.000000542334497,19.9999994576655,1.2182917475486994,2025-07-24T21:44:00.697054
00271.png,0,20.0,20.000000379634145,19.99999962036585,1.217549173913524,2025-07-24T21:44:00.975261
00272.png,0,20.0,20.0000002657439,19.999999734256093,1.2128681930459424,2025-07-24T21:44:01.229885
00273.png,0,20.0,20.000000186020728,19.999999813979265,1.2133845988175689,2025-07-24T21:44:01.496565
00274.png,0,20.0,20.00000013021451,19.999999869785483,1.2197240338439665,2025-07-24T21:44:01.751528
00275.png,0,20.0,20.000000091150156,19.999999908849837,1.2199893608365096,2025-07-24T21:44:02.031793
00276.png,0,20.0,20.00000006380511,19.999999936194886,1.217107928377022,2025-07-24T21:44:02.304800
00277.png,0,20.0,20.000000044663576,19.99999995533642,1.216608032497951,2025-07-24T21:44:02.581160
00278.png,0,20.0,20.000000031264502,19.999999968735494,1.219995901620861,2025-07-24T21:44:02.845486
00279.png,0,20.0,20.00000002188515,19.999999978114843,1.2173163175697517,2025-07-24T21:44:03.109176
00280.png,0,20.0,20.000000015319603,19.99999998468039,1.2194878280951909,2025-07-24T21:44:03.365391
00281.png,0,20.0,20.00000001072372,19.999999989276272,1.2158186442957666,2025-07-24T21:44:03.630484
00282.png,0,20.0,20.000000007506603,19.99999999249339,1.2176965033657439,2025-07-24T21:44:03.887153
00283.png,0,20.0,20.00000000525462,19.999999994745373,1.217112271196714,2025-07-24T21:44:04.158252
00284.png,0,20.0,20.00000000367823,19.999999996321762,1.218283537841938,2025-07-24T21:44:04.420850
00285.png,0,20.0,20.000000002574758,19.999999997425235,1.2169872645178603,2025-07-24T21:44:04.677276
00286.png,0,20.0,20.000000001802327,19.999999998197666,1.2176960722752306,2025-07-24T21:44:04.944636
00287.png,0,20.0,20.000000001261625,19.999999998738367,1.2161728148515105,2025-07-24T21:44:05.209063
00288.png,0,20.0,20.000000000883137,19.999999999116856,1.2139947058865972,2025-07-24T21:44:05.480734
00289.png,0,20.0,20.000000000618193,19.9999999993818,1.2175011053529474,2025-07-24T21:44:05.742492
00290.png,0,20.0,20.000000000432735,19.999999999567258,1.216795804168964,2025-07-24T21:44:06.010750
00291.png,0,20.0,20.00000000030291,19.99999999969708,1.2183741577521887,2025-07-24T21:44:06.274842
00292.png,0,20.0,20.000000000212037,19.999999999787956,1.216744252649784,2025-07-24T21:44:06.529726
00293.png,1,20.0,24.500000000148425,15.49999999985157,1.2366141612742,2025-07-24T21:44:06.783274
00294.png,0,20.0,23.150000000103898,16.8499999998961,1.2653536623448476,2025-07-24T21:44:07.021446
00295.png,0,20.0,22.205000000072726,17.79499999992727,1.2702081908930534,2025-07-24T21:44:07.279372
00296.png,0,20.0,21.543500000050905,18.456499999949088,1.2930496310060355,2025-07-24T21:44:07.516159
00297.png,0,20.0,21.080450000035633,18.91954999996436,1.2553471979557334,2025-07-24T21:44:07.753967
00298.png,0,20.0,20.75631500002494,19.243684999975052,1.2273007517868555,2025-07-24T21:44:07.978342
00299.png,0,20.0,20.52942050001746,19.470579499982534,1.2373099192207533,2025-07-24T21:44:08.218797
00300.png,1,20.0,24.87059435001222,15.129405649987774,1.24899653188319,2025-07-24T21:44:08.461686
00301.png,0,20.0,23.409416045008552,16.59058395499144,1.2744861608560991,2025-07-24T21:44:08.702228
00302.png,1,20.0,26.886591231505985,13.113408768494008,1.2832039220091092,2025-07-24T21:44:08.928068
00303.png,1,20.0,29.320613862054188,10.679386137945805,1.330712429817738,2025-07-24T21:44:09.158842
00304.png,1,20.0,31.02442970343793,8.975570296562063,1.345745985691929,2025-07-24T21:44:09.393068
00305.png,1,20.0,32.217100792406555,7.782899207593444,1.3665864488328503,2025-07-24T21:44:09.619856
00306.png,1,20.0,33.05197055468459,6.94802944531541,1.3786643381675783,2025-07-24T21:44:09.847818
00307.png,0,20.0,29.13637938827921,10.863620611720787,1.3968948615172259,2025-07-24T21:44:10.090001
00308.png,0,20.0,26.395465571795445,13.60453442820455,1.41409589498126,2025-07-24T21:44:10.313966
00309.png,0,20.0,24.47682590025681,15.523174099743185,1.405972224867151,2025-07-24T21:44:10.560627
00310.png,0,20.0,23.133778130179767,16.86622186982023,1.3626126173187283,2025-07-24T21:44:10.793312
00311.png,0,20.0,22.193644691125836,17.80635530887416,1.320245441802799,2025-07-24T21:44:11.035356
00312.png,0,20.0,21.535551283788084,18.464448716211912,1.287244206443873,2025-07-24T21:44:11.291711
00313.png,0,20.0,21.074885898651658,18.92511410134834,1.2492909673138552,2025-07-24T21:44:11.528991
00314.png,1,20.0,25.252420129056162,14.747579870943836,1.2744065439663166,2025-07-24T21:44:11.766128
00315.png,1,20.0,28.17669409033931,11.823305909660684,1.3073582978213267,2025-07-24T21:44:11.994529
00316.png,1,20.0,30.223685863237517,9.776314136762478,1.3427357585860027,2025-07-24T21:44:12.235927
00317.png,1,20.0,31.65658010426626,8.343419895733735,1.3656252208122381,2025-07-24T21:44:12.472865
00318.png,1,20.0,32.65960607298638,7.340393927013614,1.399649728286193,2025-07-24T21:44:12.716581
00319.png,0,20.0,28.861724251090465,11.138275748909528,1.4134362051324347,2025-07-24T21:44:12.959733
00320.png,0,20.0,26.203206975763322,13.79679302423667,1.4296171520664416,2025-07-24T21:44:13.199205
00321.png,-1,20.0,19.842244883034326,20.157755116965667,1.2795428734891836,2025-07-24T21:44:13.437563
00322.png,-1,20.0,15.389571418124028,24.610428581875965,1.2293398363853412,2025-07-24T21:44:13.663833
00323.png,-1,20.0,12.27269999268682,27.727300007313175,1.2115283184312808,2025-07-24T21:44:13.889233
00324.png,-1,20.0,10.090889994880772,29.90911000511922,1.2291211422443442,2025-07-24T21:44:14.116350
00325.png,0,20.0,13.063622996416541,26.936377003583452,1.2234375544286091,2025-07-24T21:44:14.332847
00326.png,1,20.0,19.644536097491578,20.355463902508415,1.2010802544657575,2025-07-24T21:44:14.562013
00327.png,1,20.0,24.251175268244104,15.748824731755889,1.2357134188548557,2025-07-24T21:44:14.796763
00328.png,1,20.0,27.475822687770872,12.52417731222912,1.2716195219698005,2025-07-24T21:44:15.025829
00329.png,1,20.0,29.73307588143961,10.266924118560384,1.2960075707696874,2025-07-24T21:44:15.236324
00330.png,1,20.0,31.313153117007726,8.686846882992269,1.3479453875209688,2025-07-24T21:44:15.463553
00331.png,1,20.0,32.419207181905406,7.580792818094587,1.3758859526288298,2025-07-24T21:44:15.693665
00332.png,0,20.0,28.693445027333784,11.306554972666211,1.392007756455338,2025-07-24T21:44:15.916490
00333.png,0,20.0,26.085411519133647,13.914588480866346,1.3967929799083265,2025-07-24T21:44:16.146519
00334.png,0,20.0,24.25978806339355,15.74021193660644,1.373994649365092,2025-07-24T21:44:16.367146
00335.png,0,20.0,22.981851644375485,17.018148355624508,1.321289453139735,2025-07-24T21:44:16.598018
00336.png,0,20.0,22.087296151062837,17.912703848937156,1.2926836206406211,2025-07-24T21:44:16.812127
00337.png,0,20.0,21.461107305743987,18.538892694256006,1.2575012894486277,2025-07-24T21:44:17.035862
00338.png,0,20.0,21.02277511402079,18.977224885979204,1.2525072527288463,2025-07-24T21:44:17.261487
00339.png,0,20.0,20.715942579814552,19.28405742018544,1.2417978461898203,2025-07-24T21:44:17.488467
00340.png,0,20.0,20.501159805870188,19.49884019412981,1.2209037346439022,2025-07-24T21:44:17.723423
00341.png,1,20.0,24.850811864109133,15.149188135890865,1.2382352364079505,2025-07-24T21:44:17.944760
00342.png,0,20.0,23.39556830487639,16.604431695123605,1.2838106978948163,2025-07-24T21:44:18.158158
00343.png,1,20.0,26.876897813413475,13.123102186586523,1.3138995603421775,2025-07-24T21:44:18.383256
00344.png,0,20.0,24.81382846938943,15.186171530610565,1.3416918559130278,2025-07-24T21:44:18.605661
00345.png,0,20.0,23.3696799285726,16.630320071427395,1.3614298463181012,2025-07-24T21:44:18.811652
00346.png,0,20.0,22.35877595000082,17.641224049999174,1.346715771571214,2025-07-24T21:44:19.010825
00347.png,0,20.0,21.651143165000573,18.34885683499942,1.2745694857718997,2025-07-24T21:44:19.224759
00348.png,0,20.0,21.1558002155004,18.844199784499594,1.2498922228486165,2025-07-24T21:44:19.436973
00349.png,1,20.0,25.30906015085028,14.690939849149714,1.2806039284121031,2025-07-24T21:44:19.652544
00350.png,1,20.0,28.216342105595192,11.783657894404799,1.3135532089632245,2025-07-24T21:44:19.868142
00351.png,0,20.0,25.751439473916633,14.24856052608336,1.3420194556902836,2025-07-24T21:44:20.080379
00352.png,0,20.0,24.026007631741642,15.973992368258351,1.3495880482313105,2025-07-24T21:44:20.292386
00353.png,0,20.0,22.818205342219148,17.181794657780845,1.3431507311053954,2025-07-24T21:44:20.511784
00354.png,0,20.0,21.9727437395534,18.027256260446592,1.3120779601377632,2025-07-24T21:44:20.745870
00355.png,0,20.0,21.38092061768738,18.619079382312613,1.2764389752856171,2025-07-24T21:44:20.969591
00356.png,0,20.0,20.966644432381166,19.033355567618827,1.235416353997115,2025-07-24T21:44:21.187978
00357.png,1,20.0,25.176651102666817,14.823348897333178,1.2491689705559927,2025-07-24T21:44:21.409744
00358.png,0,20.0,23.62365577186677,16.376344228133224,1.2867396407540406,2025-07-24T21:44:21.624663
00359.png,0,20.0,22.536559040306738,17.46344095969326,1.3006828998227802,2025-07-24T21:44:21.851725
00360.png,0,20.0,21.775591328214716,18.22440867178528,1.2703553529798444,2025-07-24T21:44:22.079480
00361.png,0,20.0,21.2429139297503,18.757086070249695,1.2497881487956892,2025-07-24T21:44:22.291450
00362.png,1,20.0,25.37003975082521,14.629960249174786,1.277893720665163,2025-07-24T21:44:22.505253
00363.png,1,20.0,28.259027825577647,11.74097217442235,1.3056757391748257,2025-07-24T21:44:22.719940
00364.png,1,20.0,30.28131947790435,9.718680522095644,1.3377371185887135,2025-07-24T21:44:22.931599
00365.png,1,20.0,31.696923634533043,8.30307636546695,1.3960818172346854,2025-07-24T21:44:23.143948
00366.png,1,20.0,32.68784654417313,7.312153455826865,1.4211450461047614,2025-07-24T21:44:23.357992
00367.png,1,20.0,33.38149258092119,6.618507419078805,1.4629522118487661,2025-07-24T21:44:23.572720
00368.png,1,20.0,33.86704480664483,6.132955193355163,1.488342203768308,2025-07-24T21:44:23.789922
00369.png,1,20.0,34.20693136465138,5.793068635348614,1.5209959919934533,2025-07-24T21:44:24.000313
00370.png,1,20.0,34.44485195525597,5.555148044744029,1.5437677069859121,2025-07-24T21:44:24.225841
00371.png,1,20.0,34.61139636867918,5.388603631320819,1.575254730866539,2025-07-24T21:44:24.441475
00372.png,1,20.0,34.72797745807543,5.272022541924573,1.5724464730041545,2025-07-24T21:44:24.667483
00373.png,1,20.0,34.809584220652795,5.190415779347202,1.5750406337030058,2025-07-24T21:44:24.882020
00374.png,1,20.0,34.86670895445695,5.133291045543041,1.5703630264676778,2025-07-24T21:44:25.106296
00375.png,1,20.0,34.906696268119866,5.093303731880129,1.6070466354898523,2025-07-24T21:44:25.321023
00376.png,1,20.0,34.93468738768391,5.06531261231609,1.591613611885455,2025-07-24T21:44:25.532338
00377.png,1,20.0,34.95428117137874,5.045718828621263,1.6079991325581533,2025-07-24T21:44:25.747698
00378.png,1,20.0,34.967996819965116,5.032003180034884,1.6213672211616,2025-07-24T21:44:25.964117
00379.png,1,20.0,34.977597773975575,5.022402226024418,1.6405308384373156,2025-07-24T21:44:26.195960
00380.png,1,20.0,34.984318441782904,5.015681558217093,1.6242417321592877,2025-07-24T21:44:26.417162
00381.png,1,20.0,34.989022909248035,5.010977090751965,1.6162402040026127,2025-07-24T21:44:26.648448
00382.png,1,20.0,34.992316036473625,5.007683963526375,1.622613984532674,2025-07-24T21:44:26.884592
00383.png,1,20.0,34.99462122553153,5.005378774468463,1.6243652911225321,2025-07-24T21:44:27.109927
00384.png,1,20.0,34.99623485787207,5.003765142127923,1.598070313998775,2025-07-24T21:44:27.338724
00385.png,0,20.0,30.497364400510445,9.502635599489546,1.5927481502835816,2025-07-24T21:44:27.561820
00386.png,-1,20.0,22.848155080357312,17.15184491964268,1.4244726619863037,2025-07-24T21:44:27.784971
00387.png,-1,20.0,17.49370855625012,22.506291443749873,1.274016772636021,2025-07-24T21:44:28.005866
00388.png,-1,20.0,13.745595989375083,26.25440401062491,1.2258187532147133,2025-07-24T21:44:28.224159
00389.png,-1,20.0,11.121917192562558,28.878082807437437,1.2409707434566095,2025-07-24T21:44:28.456357
00390.png,-1,20.0,9.28534203479379,30.714657965206204,1.2603667448017488,2025-07-24T21:44:28.681694
00391.png,-1,20.0,7.999739424355652,32.00026057564434,1.2920236145819524,2025-07-24T21:44:28.910986
00392.png,1,20.0,16.099817597048954,23.900182402951035,1.265455064089253,2025-07-24T21:44:29.135982
00393.png,1,20.0,21.769872317934265,18.230127682065724,1.2303608521221117,2025-07-24T21:44:29.376678
00394.png,1,20.0,25.738910622553984,14.261089377446007,1.2451208598929207,2025-07-24T21:44:29.604316
00395.png,1,20.0,28.517237435787788,11.482762564212205,1.2935748907015527,2025-07-24T21:44:29.828775
00396.png,1,20.0,30.46206620505145,9.537933794948543,1.3336922096692683,2025-07-24T21:44:30.053418
00397.png,1,20.0,31.823446343536013,8.17655365646398,1.3620270291222398,2025-07-24T21:44:30.281129
00398.png,0,20.0,28.27641244047521,11.723587559524786,1.3839642194677422,2025-07-24T21:44:30.494174
00399.png,0,20.0,25.793488708332646,14.206511291667349,1.3775481757473738,2025-07-24T21:44:30.720734
00400.png,0,20.0,24.055442095832852,15.944557904167144,1.3545273604359016,2025-07-24T21:44:30.948600
00401.png,0,20.0,22.838809467082996,17.161190532917,1.3202453462280763,2025-07-24T21:44:31.178686
00402.png,0,20.0,21.987166626958096,18.0128333730419,1.3007340686971431,2025-07-24T21:44:31.437708
00403.png,0,20.0,21.391016638870667,18.60898336112933,1.2736981506607803,2025-07-24T21:44:31.669428
00404.png,0,20.0,20.973711647209466,19.02628835279053,1.251514809968585,2025-07-24T21:44:31.912304
00405.png,0,20.0,20.681598153046625,19.31840184695337,1.2277925336698332,2025-07-24T21:44:32.165334
00406.png,1,20.0,24.977118707132636,15.022881292867359,1.2371439198692717,2025-07-24T21:44:32.415642
00407.png,0,20.0,23.483983094992844,16.51601690500715,1.2667212629227096,2025-07-24T21:44:32.662801
00408.png,1,20.0,26.93878816649499,13.061211833505004,1.307626091871379,2025-07-24T21:44:32.908274
00409.png,1,20.0,29.357151716546493,10.642848283453501,1.3549346515332528,2025-07-24T21:44:33.154352
00410.png,0,20.0,26.550006201582544,13.44999379841745,1.377196934435496,2025-07-24T21:44:33.391978
00411.png,1,20.0,29.08500434110778,10.914995658892215,1.3914823109447723,2025-07-24T21:44:33.632486
00412.png,1,20.0,30.859503038775443,9.14049696122455,1.4496897898216694,2025-07-24T21:44:33.879133
00413.png,1,20.0,32.10165212714281,7.898347872857184,1.4991313768978345,2025-07-24T21:44:34.139495
00414.png,0,20.0,28.471156488999966,11.528843511000028,1.5061350560077214,2025-07-24T21:44:34.381569
00415.png,0,20.0,25.929809542299974,14.070190457700019,1.4867944865069844,2025-07-24T21:44:34.635198
00416.png,0,20.0,24.15086667960998,15.849133320390012,1.434369515543088,2025-07-24T21:44:34.875134
00417.png,0,20.0,22.905606675726986,17.094393324273007,1.3654867050909218,2025-07-24T21:44:35.128240
00418.png,1,20.0,26.53392467300889,13.466075326991104,1.390484024461544,2025-07-24T21:44:35.380049
00419.png,1,20.0,29.07374727110622,10.926252728893772,1.4153598854964682,2025-07-24T21:44:35.638197
00420.png,1,20.0,30.851623089774353,9.14837691022564,1.437218743804583,2025-07-24T21:44:35.891573
00421.png,1,20.0,32.09613616284204,7.903863837157948,1.492112332063067,2025-07-24T21:44:36.130942
00422.png,1,20.0,32.967295313989425,7.032704686010563,1.5261761667256577,2025-07-24T21:44:36.385558
00423.png,1,20.0,33.577106719792596,6.4228932802073935,1.5447114590393165,2025-07-24T21:44:36.635882
00424.png,1,20.0,34.003974703854816,5.996025296145175,1.5584239650623033,2025-07-24T21:44:36.871150
00425.png,1,20.0,34.30278229269837,5.697217707301623,1.567736336474343,2025-07-24T21:44:37.112137
00426.png,1,20.0,34.51194760488886,5.4880523951111355,1.5837121378013357,2025-07-24T21:44:37.352280
00427.png,1,20.0,34.6583633234222,5.341636676577794,1.6122180804572501,2025-07-24T21:44:37.591906
00428.png,1,20.0,34.76085432639554,5.2391456736044555,1.6182093767742585,2025-07-24T21:44:37.830565
00429.png,1,20.0,34.83259802847688,5.167401971523119,1.6047185902548733,2025-07-24T21:44:38.055957
00430.png,1,20.0,34.882818619933815,5.117181380066183,1.6075542257602253,2025-07-24T21:44:38.312802
00431.png,1,20.0,34.91797303395367,5.082026966046328,1.6329789901308034,2025-07-24T21:44:38.554214
00432.png,1,20.0,34.94258112376757,5.057418876232429,1.6354683137559538,2025-07-24T21:44:38.805357
00433.png,1,20.0,34.959806786637294,5.0401932133627,1.648004459027713,2025-07-24T21:44:39.044786
00434.png,1,20.0,34.971864750646105,5.028135249353889,1.6433374864518682,2025-07-24T21:44:39.288949
00435.png,0,20.0,30.48030532545227,9.519694674547722,1.6251809806435782,2025-07-24T21:44:39.541927
00436.png,0,20.0,27.336213727816588,12.663786272183405,1.5847682066117794,2025-07-24T21:44:39.795926
00437.png,1,20.0,29.63534960947161,10.364650390528382,1.585454011110598,2025-07-24T21:44:40.081462
00438.png,0,20.0,26.744744726630127,13.255255273369867,1.5191413467450523,2025-07-24T21:44:40.350102
00439.png,0,20.0,24.721321308641087,15.278678691358907,1.4402784143929261,2025-07-24T21:44:40.595734
00440.png,-1,20.0,18.80492491604876,21.195075083951235,1.2937415184110406,2025-07-24T21:44:40.846157
00441.png,0,20.0,19.16344744123413,20.836552558765863,1.2079496745968121,2025-07-24T21:44:41.101184
00442.png,0,20.0,19.41441320886389,20.5855867911361,1.2112511550597658,2025-07-24T21:44:41.354053
00443.png,0,20.0,19.590089246204723,20.40991075379527,1.1991630924775343,2025-07-24T21:44:41.591561
00444.png,1,20.0,24.213062472343303,15.786937527656688,1.219880039910995,2025-07-24T21:44:41.846141
00445.png,1,20.0,27.449143730640312,12.55085626935968,1.2536669405897192,2025-07-24T21:44:42.104054
00446.png,1,20.0,29.714400611448216,10.285599388551775,1.2921467421020134,2025-07-24T21:44:42.352414
00447.png,1,20.0,31.30008042801375,8.699919571986243,1.327045949242527,2025-07-24T21:44:42.595918
00448.png,1,20.0,32.41005629960962,7.58994370039037,1.3691894825591844,2025-07-24T21:44:42.837073
00449.png,0,20.0,28.687039409726733,11.312960590273258,1.387371375830615,2025-07-24T21:44:43.062080
00450.png,-1,20.0,21.580927586808713,18.41907241319128,1.2522530618534715,2025-07-24T21:44:43.311103
00451.png,-1,20.0,16.606649310766098,23.393350689233895,1.2112350286372175,2025-07-24T21:44:43.540116
00452.png,0,20.0,17.624654517536268,22.375345482463725,1.183346988372158,2025-07-24T21:44:43.774908
00453.png,0,20.0,18.337258162275386,21.662741837724607,1.1658738248260074,2025-07-24T21:44:44.009381
00454.png,-1,20.0,14.33608071359277,25.66391928640722,1.1804598341289732,2025-07-24T21:44:44.234020
00455.png,0,20.0,16.035256499514936,23.964743500485053,1.1611187289150011,2025-07-24T21:44:44.458470
00456.png,0,20.0,17.224679549660454,22.775320450339535,1.1330468089885648,2025-07-24T21:44:44.686895
00457.png,-1,20.0,13.557275684762317,26.442724315237676,1.1437102945298558,2025-07-24T21:44:44.919257
00458.png,0,20.0,15.490092979333621,24.509907020666372,1.1269918280569249,2025-07-24T21:44:45.154265
00459.png,0,20.0,16.84306508553353,23.156934914466458,1.1312835600757354,2025-07-24T21:44:45.396200
00460.png,0,20.0,17.790145559873473,22.20985444012652,1.1447780902190858,2025-07-24T21:44:45.623481
00461.png,-1,20.0,13.95310189191143,26.046898108088563,1.1480640859963056,2025-07-24T21:44:45.864993
00462.png,0,20.0,15.767171324338001,24.23282867566199,1.1572119682667135,2025-07-24T21:44:46.114400
00463.png,0,20.0,17.0370199270366,22.962980072963393,1.174204827977411,2025-07-24T21:44:46.381367
00464.png,-1,20.0,13.425913948925619,26.574086051074374,1.1905509547838957,2025-07-24T21:44:46.635642
00465.png,0,20.0,15.398139764247933,24.60186023575206,1.1663685682857694,2025-07-24T21:44:46.899700
00466.png,1,20.0,21.278697834973553,18.72130216502644,1.179772063813531,2025-07-24T21:44:47.157150
00467.png,0,20.0,20.895088484481484,19.10491151551851,1.206653711200533,2025-07-24T21:44:47.435719
00468.png,0,20.0,20.626561939137037,19.373438060862956,1.2281759072197957,2025-07-24T21:44:47.713723
00469.png,1,20.0,24.938593357395924,15.061406642604068,1.237192044149405,2025-07-24T21:44:47.992792
00470.png,-1,20.0,18.957015350177144,21.04298464982285,1.2095101225711988,2025-07-24T21:44:48.276057
00471.png,-1,20.0,14.769910745124001,25.230089254875992,1.1838880412662,2025-07-24T21:44:48.555930
00472.png,-1,20.0,11.8389375215868,28.161062478413193,1.173257406665361,2025-07-24T21:44:48.848876
00473.png,-1,20.0,9.78725626511076,30.212743734889234,1.201270779810416,2025-07-24T21:44:49.130435
00474.png,0,20.0,12.851079385577531,27.14892061442246,1.1879294799002726,2025-07-24T21:44:49.410524
00475.png,0,20.0,14.99575556990427,25.00424443009572,1.174245669685959,2025-07-24T21:44:49.676557
00476.png,1,20.0,20.99702889893299,19.002971101067004,1.1973018335504249,2025-07-24T21:44:49.955280
00477.png,0,20.0,20.697920229253093,19.3020797707469,1.2030783327835464,2025-07-24T21:44:50.221321
00478.png,0,20.0,20.48854416047716,19.51145583952283,1.2195023467194854,2025-07-24T21:44:50.474766
00479.png,0,20.0,20.341980912334012,19.65801908766598,1.215487385576282,2025-07-24T21:44:50.741572
00480.png,-1,20.0,15.739386638633807,24.260613361366186,1.20370079056913,2025-07-24T21:44:51.010188
00481.png,0,20.0,17.017570647043662,22.98242935295633,1.167340529065964,2025-07-24T21:44:51.262622
00482.png,0,20.0,17.91229945293056,22.08770054706943,1.1787062499065104,2025-07-24T21:44:51.513907
00483.png,0,20.0,18.538609617051392,21.4613903829486,1.1648554398637927,2025-07-24T21:44:51.768589
00484.png,0,20.0,18.977026731935972,21.02297326806402,1.174880904280734,2025-07-24T21:44:52.035552
00485.png,0,20.0,19.28391871235518,20.716081287644812,1.1883618374775002,2025-07-24T21:44:52.291262
00486.png,0,20.0,19.498743098648625,20.50125690135137,1.2079210761975752,2025-07-24T21:44:52.548282
00487.png,-1,20.0,15.149120169054036,24.850879830945956,1.1936877022138306,2025-07-24T21:44:52.796245
00488.png,-1,20.0,12.104384118337824,27.895615881662167,1.1977404244581638,2025-07-24T21:44:53.039500
00489.png,-1,20.0,9.973068882836477,30.026931117163514,1.2066114087596589,2025-07-24T21:44:53.289280
00490.png,-1,20.0,8.481148217985535,31.51885178201446,1.2093934337439927,2025-07-24T21:44:53.545791
00491.png,-1,20.0,7.436803752589874,32.56319624741012,1.2122825874735712,2025-07-24T21:44:53.809828
00492.png,-1,20.0,6.705762626812912,33.29423737318708,1.2230180908527748,2025-07-24T21:44:54.080421
00493.png,-1,20.0,6.194033838769038,33.805966161230955,1.2577608002148162,2025-07-24T21:44:54.359867
00494.png,-1,20.0,5.835823687138326,34.16417631286167,1.2690975489509908,2025-07-24T21:44:54.629120
00495.png,-1,20.0,5.585076580996828,34.414923419003166,1.2641217577378772,2025-07-24T21:44:54.880708
00496.png,-1,20.0,5.409553606697779,34.590446393302216,1.2470418290583927,2025-07-24T21:44:55.117810
00497.png,-1,20.0,5.286687524688444,34.713312475311554,1.2357004276187404,2025-07-24T21:44:55.361995
00498.png,-1,20.0,5.200681267281911,34.799318732718085,1.254996286273671,2025-07-24T21:44:55.588701
00499.png,-1,20.0,5.140476887097337,34.85952311290266,1.237700225086118,2025-07-24T21:44:55.828221
00500.png,-1,20.0,5.098333820968136,34.901666179031864,1.2579671944583897,2025-07-24T21:44:56.055023
00501.png,-1,20.0,5.068833674677695,34.9311663253223,1.262577880432545,2025-07-24T21:44:56.302569
00502.png,-1,20.0,5.048183572274386,34.95181642772561,1.2755125158065574,2025-07-24T21:44:56.535157
00503.png,-1,20.0,5.03372850059207,34.966271499407924,1.2712331046012002,2025-07-24T21:44:56.756847
00504.png,-1,20.0,5.023609950414449,34.97639004958555,1.2759556315348237,2025-07-24T21:44:56.985395
00505.png,-1,20.0,5.016526965290113,34.98347303470988,1.3008854645665644,2025-07-24T21:44:57.213530
00506.png,-1,20.0,5.0115688757030785,34.988431124296916,1.3018673915157717,2025-07-24T21:44:57.438058
00507.png,-1,20.0,5.008098212992154,34.99190178700784,1.317424828539848,2025-07-24T21:44:57.671922
00508.png,-1,20.0,5.005668749094507,34.99433125090549,1.3292960933376892,2025-07-24T21:44:57.907476
00509.png,-1,20.0,5.003968124366155,34.99603187563384,1.3296728586194768,2025-07-24T21:44:58.138074
00510.png,0,20.0,9.502777687056309,30.497222312943688,1.307516807542998,2025-07-24T21:44:58.389927
00511.png,1,20.0,17.151944380939415,22.84805561906058,1.2105952904457702,2025-07-24T21:44:58.615989
00512.png,0,20.0,18.00636106665759,21.993638933342403,1.1810829648757286,2025-07-24T21:44:58.845123
00513.png,1,20.0,23.104452746660314,16.89554725333968,1.1814719249969603,2025-07-24T21:44:59.063810
00514.png,0,20.0,22.17311692266222,17.826883077337776,1.207292667576013,2025-07-24T21:44:59.301665
00515.png,0,20.0,21.521181845863552,18.47881815413644,1.2295844258285384,2025-07-24T21:44:59.518925
00516.png,1,20.0,25.564827292104486,14.435172707895507,1.2719565141019904,2025-07-24T21:44:59.745146
00517.png,0,20.0,23.89537910447314,16.104620895526857,1.2894452302982082,2025-07-24T21:44:59.969070
00518.png,-1,20.0,18.226765373131197,21.7732346268688,1.238133366872474,2025-07-24T21:45:00.184860
00519.png,-1,20.0,14.258735761191838,25.741264238808157,1.2336045550805148,2025-07-24T21:45:00.401830
00520.png,0,20.0,15.981115032834285,24.018884967165707,1.2113908467864307,2025-07-24T21:45:00.613856
00521.png,0,20.0,17.186780522984,22.813219477015995,1.2085980750832983,2025-07-24T21:45:00.827236
00522.png,0,20.0,18.0307463660888,21.969253633911194,1.1770671962131685,2025-07-24T21:45:01.040605
00523.png,0,20.0,18.62152245626216,21.378477543737837,1.1770948640681238,2025-07-24T21:45:01.243165
00524.png,0,20.0,19.03506571938351,20.964934280616482,1.1754434694479914,2025-07-24T21:45:01.452880
00525.png,0,20.0,19.324546003568457,20.675453996431536,1.1933086103492447,2025-07-24T21:45:01.679714
00526.png,0,20.0,19.52718220249792,20.472817797502074,1.2112550296727518,2025-07-24T21:45:01.894992
00527.png,-1,20.0,15.169027541748543,24.830972458251452,1.2143180375652076,2025-07-24T21:45:02.106543
00528.png,-1,20.0,12.118319279223979,27.881680720776014,1.2149466938881888,2025-07-24T21:45:02.332038
00529.png,-1,20.0,9.982823495456785,30.017176504543208,1.2172293288025984,2025-07-24T21:45:02.545841
00530.png,-1,20.0,8.487976446819749,31.512023553180246,1.2407046028103277,2025-07-24T21:45:02.752131
00531.png,-1,20.0,7.441583512773824,32.55841648722617,1.245088173292341,2025-07-24T21:45:02.976497
00532.png,0,20.0,11.209108458941676,28.790891541058315,1.2445300960904278,2025-07-24T21:45:03.191156
00533.png,1,20.0,18.346375921259174,21.65362407874082,1.1948233133989545,2025-07-24T21:45:03.400836
00534.png,0,20.0,18.84246314488142,21.157536855118572,1.179340875316267,2025-07-24T21:45:03.613969
00535.png,0,20.0,19.189724201416993,20.810275798583,1.1783719598274502,2025-07-24T21:45:03.828549
00536.png,0,20.0,19.432806940991895,20.567193059008098,1.2011931152460085,2025-07-24T21:45:04.045843
00537.png,-1,20.0,15.102964858694326,24.897035141305665,1.1943215754589496,2025-07-24T21:45:04.262501
00538.png,-1,20.0,12.072075401086028,27.927924598913965,1.1948835147872325,2025-07-24T21:45:04.482910
00539.png,-1,20.0,9.95045278076022,30.049547219239773,1.1852166338113672,2025-07-24T21:45:04.698587
00540.png,-1,20.0,8.465316946532154,31.53468305346784,1.213890058935489,2025-07-24T21:45:04.928190
00541.png,0,20.0,11.925721862572507,28.074278137427488,1.2226790829835217,2025-07-24T21:45:05.151785
00542.png,0,20.0,14.348005303800754,25.65199469619924,1.232314305290066,2025-07-24T21:45:05.377907
00543.png,0,20.0,16.043603712660527,23.956396287339466,1.1817721939543016,2025-07-24T21:45:05.608497
00544.png,0,20.0,17.23052259886237,22.769477401137625,1.1577786558405023,2025-07-24T21:45:05.836351
00545.png,0,20.0,18.061365819203658,21.938634180796335,1.158011311182965,2025-07-24T21:45:06.062465
00546.png,-1,20.0,14.14295607344256,25.85704392655743,1.1333061040740962,2025-07-24T21:45:06.286045
00547.png,0,20.0,15.900069251409791,24.0999307485902,1.1446758123472174,2025-07-24T21:45:06.511941
00548.png,-1,20.0,12.630048475986854,27.36995152401314,1.145159167489955,2025-07-24T21:45:06.740637
00549.png,-1,20.0,10.341033933190797,29.658966066809196,1.1544507852839028,2025-07-24T21:45:06.980714
00550.png,-1,20.0,8.738723753233558,31.261276246766435,1.1580498327815631,2025-07-24T21:45:07.233903
00551.png,0,20.0,12.117106627263489,27.882893372736504,1.1738065591119888,2025-07-24T21:45:07.503819
00552.png,0,20.0,14.481974639084441,25.51802536091555,1.1638767152794924,2025-07-24T21:45:07.790798
00553.png,0,20.0,16.137382247359106,23.862617752640883,1.186304002076191,2025-07-24T21:45:08.075345
00554.png,0,20.0,17.296167573151372,22.703832426848617,1.1800040415867536,2025-07-24T21:45:08.355359
00555.png,0,20.0,18.10731730120596,21.892682698794033,1.1572782224708884,2025-07-24T21:45:08.630101
00556.png,-1,20.0,14.175122110844171,25.82487788915582,1.151708770284523,2025-07-24T21:45:08.910904
00557.png,-1,20.0,11.42258547759092,28.577414522409075,1.1545723164565591,2025-07-24T21:45:09.189877
00558.png,0,20.0,13.995809834313643,26.004190165686353,1.1309926175531864,2025-07-24T21:45:09.456085
00559.png,-1,20.0,11.29706688401955,28.702933115980446,1.1465058222557405,2025-07-24T21:45:09.707874
00560.png,0,20.0,13.907946818813684,26.092053181186312,1.150430248501359,2025-07-24T21:45:09.977846
00561.png,0,20.0,15.735562773169578,24.264437226830417,1.1283113318166786,2025-07-24T21:45:10.243922
00562.png,0,20.0,17.014893941218702,22.98510605878129,1.1292512292460108,2025-07-24T21:45:10.511247
00563.png,0,20.0,17.91042575885309,22.089574241146902,1.131922190719527,2025-07-24T21:45:10.779953
00564.png,0,20.0,18.53729803119716,21.462701968802833,1.1367432194674099,2025-07-24T21:45:11.033189
00565.png,0,20.0,18.976108621838012,21.023891378161984,1.1704933976863134,2025-07-24T21:45:11.284656
00566.png,0,20.0,19.283276035286608,20.71672396471339,1.182504187208004,2025-07-24T21:45:11.523167
00567.png,-1,20.0,14.998293224700625,25.00170677529937,1.1559416630224795,2025-07-24T21:45:11.766005
00568.png,-1,20.0,11.998805257290437,28.001194742709558,1.166436098713547,2025-07-24T21:45:12.017457
00569.png,0,20.0,14.399163680103305,25.60083631989669,1.1861546788179749,2025-07-24T21:45:12.256409
00570.png,0,20.0,16.079414576072313,23.920585423927683,1.1998570609668853,2025-07-24T21:45:12.497643
00571.png,0,20.0,17.25559020325062,22.744409796749377,1.1716475024321968,2025-07-24T21:45:12.725730
00572.png,0,20.0,18.078913142275432,21.92108685772456,1.1829479327288457,2025-07-24T21:45:12.967345
00573.png,0,20.0,18.655239199592803,21.344760800407194,1.1637403020807218,2025-07-24T21:45:13.199713
00574.png,1,20.0,23.55866743971496,16.441332560285034,1.1935031563606382,2025-07-24T21:45:13.416400
00575.png,0,20.0,22.49106720780047,17.508932792199523,1.2190442028770103,2025-07-24T21:45:13.645237
00576.png,0,20.0,21.743747045460328,18.256252954539665,1.22985704514102,2025-07-24T21:45:13.871234
00577.png,0,20.0,21.220622931822227,18.779377068177766,1.233869496713484,2025-07-24T21:45:14.102785
00578.png,0,20.0,20.85443605227556,19.145563947724433,1.24185880152178,2025-07-24T21:45:14.339647
00579.png,0,20.0,20.598105236592893,19.401894763407103,1.2273706126124353,2025-07-24T21:45:14.568790
00580.png,0,20.0,20.418673665615025,19.581326334384972,1.2150878624564954,2025-07-24T21:45:14.816841
00581.png,0,20.0,20.293071565930518,19.706928434069482,1.2192508904576216,2025-07-24T21:45:15.061623
00582.png,0,20.0,20.205150096151364,19.794849903848636,1.2271880586777695,2025-07-24T21:45:15.317110
00583.png,0,20.0,20.143605067305955,19.856394932694045,1.213354698178596,2025-07-24T21:45:15.554754
00584.png,-1,20.0,15.600523547114168,24.39947645288583,1.2028755760004177,2025-07-24T21:45:15.781414
00585.png,-1,20.0,12.420366482979917,27.579633517020078,1.2026499552081096,2025-07-24T21:45:16.029001
00586.png,-1,20.0,10.194256538085941,29.80574346191405,1.2180888875059566,2025-07-24T21:45:16.246871
00587.png,-1,20.0,8.635979576660159,31.364020423339834,1.2371933641778223,2025-07-24T21:45:16.463824
00588.png,0,20.0,12.04518570366211,27.954814296337883,1.2302262596722027,2025-07-24T21:45:16.672192
00589.png,0,20.0,14.431629992563476,25.568370007436517,1.2249324631104674,2025-07-24T21:45:16.904639
00590.png,0,20.0,16.102140994794432,23.89785900520556,1.1876054141095576,2025-07-24T21:45:17.128307
00591.png,0,20.0,17.2714986963561,22.728501303643892,1.1732407679073218,2025-07-24T21:45:17.357377
00592.png,0,20.0,18.09004908744927,21.909950912550723,1.172063444625488,2025-07-24T21:45:17.578735
00593.png,0,20.0,18.663034361214486,21.336965638785507,1.1663375238192206,2025-07-24T21:45:17.796697
00594.png,0,20.0,19.06412405285014,20.935875947149853,1.18157761433361,2025-07-24T21:45:18.023397
00595.png,0,20.0,19.344886836995098,20.6551131630049,1.1870946917927983,2025-07-24T21:45:18.245228
00596.png,0,20.0,19.54142078589657,20.45857921410343,1.1965742969758033,2025-07-24T21:45:18.477143
00597.png,0,20.0,19.678994550127598,20.321005449872402,1.199524391324072,2025-07-24T21:45:18.713535
00598.png,0,20.0,19.775296185089317,20.224703814910683,1.2111981496486066,2025-07-24T21:45:18.940050
00599.png,0,20.0,19.842707329562522,20.157292670437478,1.2066415441373242,2025-07-24T21:45:19.163681
00600.png,1,20.0,24.389895130693766,15.610104869306234,1.2331841194917046,2025-07-24T21:45:19.395894
00601.png,0,20.0,23.072926591485636,16.927073408514364,1.263843991839391,2025-07-24T21:45:19.621908
00602.png,0,20.0,22.151048614039944,17.848951385960056,1.2717374543113487,2025-07-24T21:45:19.846077
00603.png,0,20.0,21.50573402982796,18.494265970172037,1.2666450104719449,2025-07-24T21:45:20.074211
00604.png,-1,20.0,16.554013820879568,23.445986179120425,1.2400096869888617,2025-07-24T21:45:20.301306
00605.png,0,20.0,17.5878096746157,22.412190325384298,1.1977371139848352,2025-07-24T21:45:20.526002
00606.png,0,20.0,18.311466772230986,21.688533227769007,1.1922247534226342,2025-07-24T21:45:20.758156
00607.png,0,20.0,18.81802674056169,21.1819732594383,1.1717465314610274,2025-07-24T21:45:20.995614
00608.png,0,20.0,19.17261871839318,20.82738128160681,1.1954201920106615,2025-07-24T21:45:21.235705
00609.png,0,20.0,19.42083310287523,20.579166897124765,1.1934661015532877,2025-07-24T21:45:21.460358
00610.png,0,20.0,19.59458317201266,20.405416827987334,1.2004371377468668,2025-07-24T21:45:21.714999
00611.png,0,20.0,19.71620822040886,20.283791779591134,1.2112404802965866,2025-07-24T21:45:21.955875
00612.png,-1,20.0,15.301345754286201,24.69865424571379,1.2175159297629028,2025-07-24T21:45:22.181274
00613.png,0,20.0,16.71094202800034,23.28905797199965,1.1804806984360274,2025-07-24T21:45:22.407569
00614.png,0,20.0,17.697659419600235,22.302340580399754,1.1578822136348348,2025-07-24T21:45:22.650384
00615.png,0,20.0,18.388361593720163,21.611638406279827,1.1626261613439284,2025-07-24T21:45:22.875246
00616.png,0,20.0,18.87185311560411,21.12814688439588,1.1736739141870673,2025-07-24T21:45:23.102528
00617.png,0,20.0,19.21029718092288,20.789702819077114,1.1855667877784584,2025-07-24T21:45:23.341794
00618.png,0,20.0,19.447208026646017,20.552791973353976,1.2001465196422532,2025-07-24T21:45:23.572153
00619.png,0,20.0,19.61304561865221,20.386954381347785,1.2098849518278942,2025-07-24T21:45:23.809937
00620.png,0,20.0,19.72913193305655,20.27086806694345,1.1995415494303723,2025-07-24T21:45:24.038346
00621.png,0,20.0,19.810392353139584,20.189607646860416,1.2122716311344732,2025-07-24T21:45:24.275570
00622.png,0,20.0,19.867274647197707,20.13272535280229,1.21043300254443,2025-07-24T21:45:24.501335
00623.png,0,20.0,19.907092253038392,20.0929077469616,1.210395331270536,2025-07-24T21:45:24.742099
00624.png,0,20.0,19.934964577126873,20.06503542287312,1.212043895034986,2025-07-24T21:45:24.967410
00625.png,0,20.0,19.95447520398881,20.045524796011183,1.2135578360975465,2025-07-24T21:45:25.194008
00626.png,0,20.0,19.968132642792167,20.031867357207826,1.214358471122731,2025-07-24T21:45:25.422946
00627.png,0,20.0,19.977692849954515,20.022307150045478,1.213234489634233,2025-07-24T21:45:25.668679
00628.png,0,20.0,19.98438499496816,20.015615005031833,1.21567011215553,2025-07-24T21:45:25.888381
00629.png,0,20.0,19.98906949647771,20.01093050352228,1.2176100665278948,2025-07-24T21:45:26.130141
00630.png,0,20.0,19.9923486475344,20.007651352465594,1.2140869191648178,2025-07-24T21:45:26.353345
00631.png,0,20.0,19.99464405327408,20.005355946725913,1.221073871601603,2025-07-24T21:45:26.594075
00632.png,0,20.0,19.996250837291853,20.00374916270814,1.217013273326753,2025-07-24T21:45:26.837764
00633.png,1,20.0,24.497375586104297,15.502624413895697,1.2325828243230013,2025-07-24T21:45:27.063294
00634.png,0,20.0,23.148162910273008,16.85183708972699,1.2606492691797246,2025-07-24T21:45:27.307503
00635.png,1,20.0,26.703714037191105,13.296285962808891,1.3011595184589713,2025-07-24T21:45:27.550558
00636.png,0,20.0,24.69259982603377,15.307400173966224,1.3140710593138203,2025-07-24T21:45:27.782559
00637.png,1,20.0,27.784819878223637,12.215180121776356,1.3415291116285577,2025-07-24T21:45:27.996531
00638.png,0,20.0,25.449373914756546,14.550626085243449,1.3578490032164554,2025-07-24T21:45:28.225816
00639.png,0,20.0,23.81456174032958,16.185438259670413,1.366492980920152,2025-07-24T21:45:28.465768
00640.png,0,20.0,22.670193218230704,17.32980678176929,1.326905201663188,2025-07-24T21:45:28.690788
00641.png,0,20.0,21.86913525276149,18.1308647472385,1.292411710668618,2025-07-24T21:45:28.916016
00642.png,0,20.0,21.30839467693304,18.691605323066952,1.256528665879381,2025-07-24T21:45:29.155955
00643.png,0,20.0,20.91587627385313,19.084123726146863,1.2358540846405155,2025-07-24T21:45:29.386674
00644.png,0,20.0,20.64111339169719,19.358886608302804,1.225480823828403,2025-07-24T21:45:29.610839
00645.png,0,20.0,20.44877937418803,19.55122062581196,1.2323600703756723,2025-07-24T21:45:29.835876
00646.png,0,20.0,20.31414556193162,19.68585443806837,1.2232753593284087,2025-07-24T21:45:30.062335
00647.png,0,20.0,20.219901893352134,19.78009810664786,1.228457706996715,2025-07-24T21:45:30.285178
00648.png,0,20.0,20.15393132534649,19.8460686746535,1.2272591159267332,2025-07-24T21:45:30.507127
00649.png,0,20.0,20.10775192774254,19.892248072257452,1.2161598343418332,2025-07-24T21:45:30.749747
00650.png,0,20.0,20.07542634941978,19.924573650580214,1.220565412365179,2025-07-24T21:45:30.971082
00651.png,0,20.0,20.052798444593844,19.94720155540615,1.219706797408843,2025-07-24T21:45:31.191599
00652.png,0,20.0,20.03695891121569,19.9630410887843,1.2127932381364153,2025-07-24T21:45:31.414978
00653.png,0,20.0,20.025871237850986,19.97412876214901,1.2165765987337818,2025-07-24T21:45:31.646069
00654.png,0,20.0,20.01810986649569,19.981890133504308,1.2152155130198083,2025-07-24T21:45:31.882510
00655.png,0,20.0,20.01267690654698,19.987323093453014,1.2154971204886085,2025-07-24T21:45:32.108685
00656.png,1,20.0,24.508873834582886,15.491126165417109,1.2458873080407107,2025-07-24T21:45:32.317174
00657.png,0,20.0,23.156211684208017,16.843788315791976,1.2472805505585776,2025-07-24T21:45:32.530761
00658.png,1,20.0,26.70934817894561,13.290651821054382,1.292916976658453,2025-07-24T21:45:32.751712
00659.png,0,20.0,24.696543725261925,15.303456274738068,1.3027041369163381,2025-07-24T21:45:32.969574
00660.png,0,20.0,23.287580607683346,16.712419392316647,1.28666542869419,2025-07-24T21:45:33.172562
00661.png,0,20.0,22.301306425378343,17.69869357462165,1.2836591279135168,2025-07-24T21:45:33.386233
00662.png,0,20.0,21.61091449776484,18.389085502235154,1.2545077029822833,2025-07-24T21:45:33.599746
00663.png,1,20.0,25.627640148435386,14.372359851564607,1.2789575489881582,2025-07-24T21:45:33.810626
00664.png,0,20.0,23.93934810390477,16.060651896095223,1.3102948438029507,2025-07-24T21:45:34.031136
00665.png,0,20.0,22.757543672733338,17.242456327266655,1.3268152391311119,2025-07-24T21:45:34.254103
00666.png,0,20.0,21.930280570913336,18.06971942908666,1.2767731959813842,2025-07-24T21:45:34.498668
00667.png,1,20.0,25.851196399639335,14.148803600360662,1.3133852258046261,2025-07-24T21:45:34.721140
00668.png,0,20.0,24.095837479747534,15.904162520252463,1.3219854509534665,2025-07-24T21:45:34.937566
00669.png,1,20.0,27.367086235823272,12.632913764176724,1.346047633479441,2025-07-24T21:45:35.161551
00670.png,1,20.0,29.65696036507629,10.343039634923706,1.3828975420609833,2025-07-24T21:45:35.390356
00671.png,1,20.0,31.259872255553404,8.740127744446593,1.435931103680383,2025-07-24T21:45:35.609440
00672.png,0,20.0,27.881910578887382,12.118089421112614,1.4334019917241887,2025-07-24T21:45:35.817450
00673.png,1,20.0,30.017337405221166,9.98266259477883,1.4546342666742398,2025-07-24T21:45:36.029101
00674.png,0,20.0,27.012136183654814,12.98786381634518,1.456012652227493,2025-07-24T21:45:36.256813
00675.png,1,20.0,29.40849532855837,10.591504671441626,1.5073816949366075,2025-07-24T21:45:36.467496
00676.png,0,20.0,26.58594672999086,13.414053270009138,1.497801232294476,2025-07-24T21:45:36.689464
00677.png,0,20.0,24.6101627109936,15.389837289006396,1.4626760112538366,2025-07-24T21:45:36.908232
00678.png,0,20.0,23.227113897695517,16.772886102304476,1.3862986482924091,2025-07-24T21:45:37.133332
00679.png,1,20.0,26.758979728386862,13.241020271613133,1.4011468579178197,2025-07-24T21:45:37.350411
00680.png,0,20.0,24.7312858098708,15.268714190129192,1.3990258933066386,2025-07-24T21:45:37.573977
00681.png,1,20.0,27.81190006690956,12.188099933090433,1.4174085579496944,2025-07-24T21:45:37.801446
00682.png,1,20.0,29.96833004683669,10.031669953163302,1.447445434278031,2025-07-24T21:45:38.013837
00683.png,1,20.0,31.477831032785684,8.522168967214311,1.4964390382826085,2025-07-24T21:45:38.229732
00684.png,1,20.0,32.53448172294998,7.465518277050017,1.5325702103270247,2025-07-24T21:45:38.446519
00685.png,1,20.0,33.27413720606498,6.725862793935011,1.5438777137008088,2025-07-24T21:45:38.668357
00686.png,1,20.0,33.79189604424548,6.208103955754508,1.5898795561268342,2025-07-24T21:45:38.880028
00687.png,1,20.0,34.15432723097184,5.845672769028155,1.6009690434533665,2025-07-24T21:45:39.093685
00688.png,1,20.0,34.40802906168028,5.591970938319709,1.6481345846570994,2025-07-24T21:45:39.310562
00689.png,1,20.0,34.585620343176195,5.414379656823796,1.6718131760374026,2025-07-24T21:45:39.537379
00690.png,1,20.0,34.70993424022333,5.290065759776656,1.6819255583642818,2025-07-24T21:45:39.747558
00691.png,1,20.0,34.79695396815633,5.203046031843659,1.6964874153439393,2025-07-24T21:45:39.974536
00692.png,1,20.0,34.85786777770943,5.142132222290561,1.701015679985944,2025-07-24T21:45:40.192814
00693.png,1,20.0,34.900507444396595,5.099492555603392,1.6956661370987596,2025-07-24T21:45:40.416497
00694.png,1,20.0,34.93035521107761,5.069644788922375,1.7116870166906557,2025-07-24T21:45:40.631698
00695.png,1,20.0,34.951248647754326,5.048751352245662,1.7226301299703568,2025-07-24T21:45:40.853889
00696.png,1,20.0,34.965874053428024,5.034125946571963,1.717571730926603,2025-07-24T21:45:41.070704
00697.png,1,20.0,34.976111837399614,5.0238881626003735,1.7046107450673866,2025-07-24T21:45:41.294631
00698.png,1,20.0,34.983278286179726,5.016721713820261,1.7020498034568015,2025-07-24T21:45:41.507852
00699.png,1,20.0,34.988294800325804,5.011705199674182,1.717979999017784,2025-07-24T21:45:41.735537
00700.png,1,20.0,34.99180636022806,5.008193639771927,1.7219442321082143,2025-07-24T21:45:41.948046
00701.png,1,20.0,34.99426445215964,5.005735547840349,1.7216612867208565,2025-07-24T21:45:42.181898
00702.png,0,20.0,30.495985116511747,9.504014883488244,1.7099702197569686,2025-07-24T21:45:42.406519
00703.png,0,20.0,27.347189581558222,12.65281041844177,1.583923123055088,2025-07-24T21:45:42.632933
00704.png,0,20.0,25.143032707090754,14.85696729290924,1.46810996943107,2025-07-24T21:45:42.853329
00705.png,-1,20.0,19.100122894963526,20.899877105036467,1.3150090091465407,2025-07-24T21:45:43.073317
00706.png,0,20.0,19.370086026474468,20.629913973525525,1.2281408449370312,2025-07-24T21:45:43.298944
00707.png,0,20.0,19.559060218532125,20.44093978146787,1.202848070307886,2025-07-24T21:45:43.509754
00708.png,0,20.0,19.69134215297249,20.308657847027504,1.2163046437878744,2025-07-24T21:45:43.740123
00709.png,0,20.0,19.783939507080742,20.216060492919254,1.2079661047516086,2025-07-24T21:45:43.965166
00710.png,0,20.0,19.84875765495652,20.151242345043478,1.2028855124701967,2025-07-24T21:45:44.179916
00711.png,0,20.0,19.89413035846956,20.105869641530433,1.211284785471683,2025-07-24T21:45:44.406137
00712.png,1,20.0,24.425891250928693,15.574108749071302,1.2386116372164473,2025-07-24T21:45:44.618974
00713.png,0,20.0,23.098123875650085,16.90187612434991,1.2594867784354267,2025-07-24T21:45:44.847030
00714.png,1,20.0,26.668686712955058,13.331313287044937,1.298742332126713,2025-07-24T21:45:45.071693
00715.png,1,20.0,29.16808069906854,10.831919300931455,1.3266307986878216,2025-07-24T21:45:45.298517
00716.png,0,20.0,26.417656489347976,13.582343510652018,1.3547785840525388,2025-07-24T21:45:45.508492
00717.png,0,20.0,24.492359542543582,15.507640457456413,1.3602322348300089,2025-07-24T21:45:45.743402
00718.png,0,20.0,23.144651679780505,16.855348320219488,1.3380934108462896,2025-07-24T21:45:45.981075
00719.png,0,20.0,22.201256175846353,17.79874382415364,1.314508080450234,2025-07-24T21:45:46.210382
00720.png,0,20.0,21.540879323092447,18.459120676907546,1.2869182850678218,2025-07-24T21:45:46.422602
00721.png,0,20.0,21.07861552616471,18.921384473835282,1.2539368962101312,2025-07-24T21:45:46.658234
00722.png,0,20.0,20.755030868315295,19.244969131684698,1.2324983010241248,2025-07-24T21:45:46.876808
00723.png,0,20.0,20.528521607820707,19.471478392179286,1.22332140952793,2025-07-24T21:45:47.105897
00724.png,0,20.0,20.369965125474494,19.6300348745255,1.2331231378116623,2025-07-24T21:45:47.337968
00725.png,1,20.0,24.758975587832147,15.24102441216785,1.246889616814555,2025-07-24T21:45:47.553288
00726.png,1,20.0,27.8312829114825,12.168717088517495,1.27495306765648,2025-07-24T21:45:47.796265
00727.png,0,20.0,25.481898038037748,14.518101961962246,1.3092254926476001,2025-07-24T21:45:48.032188
00728.png,0,20.0,23.837328626626423,16.16267137337357,1.3302226686189609,2025-07-24T21:45:48.263891
00729.png,0,20.0,22.686130038638495,17.313869961361497,1.3283863157233664,2025-07-24T21:45:48.501965
00730.png,0,20.0,21.880291027046944,18.11970897295305,1.3140380940152625,2025-07-24T21:45:48.756697
00731.png,0,20.0,21.31620371893286,18.68379628106713,1.2752048974083658,2025-07-24T21:45:48.998491
00732.png,0,20.0,20.921342603253002,19.07865739674699,1.247312566251554,2025-07-24T21:45:49.237660
00733.png,0,20.0,20.644939822277102,19.35506017772289,1.2449576434190712,2025-07-24T21:45:49.457068
00734.png,0,20.0,20.45145787559397,19.548542124406023,1.2231161115316542,2025-07-24T21:45:49.677557
00735.png,0,20.0,20.316020512915777,19.683979487084216,1.231393587316825,2025-07-24T21:45:49.926666
00736.png,0,20.0,20.221214359041042,19.77878564095895,1.2274172777089023,2025-07-24T21:45:50.153112
00737.png,0,20.0,20.15485005132873,19.845149948671263,1.2161467138832505,2025-07-24T21:45:50.377394
00738.png,1,20.0,24.60839503593011,15.391604964069884,1.244188585380804,2025-07-24T21:45:50.609293
00739.png,0,20.0,23.225876525151076,16.77412347484892,1.2590983086119243,2025-07-24T21:45:50.833677
00740.png,0,20.0,22.25811356760575,17.741886432394246,1.2732279838196883,2025-07-24T21:45:51.056743
00741.png,0,20.0,21.580679497324024,18.419320502675973,1.2627734493193215,2025-07-24T21:45:51.303051
00742.png,1,20.0,25.606475648126818,14.39352435187318,1.2854951239863892,2025-07-24T21:45:51.526518
00743.png,1,20.0,28.42453295368877,11.575467046311227,1.3271584644617662,2025-07-24T21:45:51.754857
00744.png,1,20.0,30.397173067582138,9.602826932417859,1.3694954558713783,2025-07-24T21:45:51.971382
00745.png,1,20.0,31.778021147307495,8.221978852692502,1.403966621946382,2025-07-24T21:45:52.191256
00746.png,1,20.0,32.74461480311524,7.255385196884751,1.4602718253072806,2025-07-24T21:45:52.424409
00747.png,1,20.0,33.421230362180665,6.578769637819325,1.496684553922107,2025-07-24T21:45:52.649358
00748.png,1,20.0,33.894861253526464,6.105138746473527,1.5242211877007976,2025-07-24T21:45:52.875249
00749.png,1,20.0,34.22640287746852,5.773597122531468,1.5557712218975714,2025-07-24T21:45:53.099501
00750.png,1,20.0,34.45848201422797,5.541517985772027,1.5987213243000336,2025-07-24T21:45:53.341339
00751.png,1,20.0,34.62093740995958,5.379062590040419,1.636887230011282,2025-07-24T21:45:53.568546
00752.png,1,20.0,34.734656186971705,5.265343813028293,1.6328939022630704,2025-07-24T21:45:53.808740
00753.png,1,20.0,34.81425933088019,5.185740669119805,1.666002987890946,2025-07-24T21:45:54.047247
00754.png,1,20.0,34.86998153161613,5.130018468383863,1.6819622474721387,2025-07-24T21:45:54.275011
00755.png,1,20.0,34.908987072131296,5.091012927868704,1.6822047709073666,2025-07-24T21:45:54.511544
00756.png,1,20.0,34.93629095049191,5.063709049508093,1.702296024966646,2025-07-24T21:45:54.747394
00757.png,1,20.0,34.955403665344335,5.044596334655665,1.713566591244832,2025-07-24T21:45:54.970332
00758.png,1,20.0,34.96878256574104,5.0312174342589655,1.7234535761392942,2025-07-24T21:45:55.196907
00759.png,1,20.0,34.978147796018725,5.021852203981275,1.7262834531093756,2025-07-24T21:45:55.433666
00760.png,1,20.0,34.9847034572131,5.015296542786892,1.7390886522763644,2025-07-24T21:45:55.675366
00761.png,1,20.0,34.98929242004917,5.010707579950824,1.7390371702317442,2025-07-24T21:45:55.899571
00762.png,1,20.0,34.992504694034416,5.007495305965577,1.7438759013175544,2025-07-24T21:45:56.150215
00763.png,1,20.0,34.99475328582409,5.005246714175904,1.7513378519328853,2025-07-24T21:45:56.399308
00764.png,1,20.0,34.99632730007686,5.003672699923133,1.7416053396534021,2025-07-24T21:45:56.640212
00765.png,1,20.0,34.9974291100538,5.002570889946193,1.763706307426396,2025-07-24T21:45:56.874606
00766.png,1,20.0,34.99820037703766,5.001799622962334,1.7524804176696043,2025-07-24T21:45:57.101124
00767.png,1,20.0,34.998740263926365,5.001259736073633,1.7415114030716294,2025-07-24T21:45:57.344357
00768.png,0,20.0,30.499118184748454,9.500881815251542,1.6968408629826726,2025-07-24T21:45:57.566084
00769.png,-1,20.0,22.849382729323917,17.15061727067608,1.501737950203655,2025-07-24T21:45:57.815663
00770.png,0,20.0,21.99456791052674,18.005432089473253,1.313717645695522,2025-07-24T21:45:58.047742
00771.png,-1,20.0,16.896197537368717,23.103802462631275,1.2306001748567923,2025-07-24T21:45:58.287758
00772.png,-1,20.0,13.327338276158102,26.67266172384189,1.195423458056338,2025-07-24T21:45:58.542692
00773.png,-1,20.0,10.82913679331067,29.170863206689322,1.2068527188706317,2025-07-24T21:45:58.787296
00774.png,-1,20.0,9.080395755317468,30.919604244682525,1.2089479838353208,2025-07-24T21:45:59.070186
00775.png,-1,20.0,7.856277028722228,32.14372297127777,1.2157656613343018,2025-07-24T21:45:59.371778
00776.png,0,20.0,11.49939392010556,28.500606079894435,1.1878729904360275,2025-07-24T21:45:59.657991
00777.png,0,20.0,14.049575744073891,25.950424255926105,1.1526421892033425,2025-07-24T21:45:59.928074
00778.png,0,20.0,15.834703020851723,24.165296979148273,1.0834253074716491,2025-07-24T21:46:00.196552
00779.png,0,20.0,17.084292114596206,22.91570788540379,1.083522622937453,2025-07-24T21:46:00.477058
00780.png,0,20.0,17.959004480217345,22.04099551978265,1.121191352371584,2025-07-24T21:46:00.758518
00781.png,0,20.0,18.57130313615214,21.428696863847854,1.1409264889491137,2025-07-24T21:46:01.033695
00782.png,0,20.0,18.999912195306496,21.000087804693496,1.1859077413196422,2025-07-24T21:46:01.317568
00783.png,0,20.0,19.29993853671455,20.700061463285447,1.1934160016070439,2025-07-24T21:46:01.598335
00784.png,0,20.0,19.509956975700185,20.490043024299812,1.1953573142244318,2025-07-24T21:46:01.875526
00785.png,1,20.0,24.15696988299013,15.843030117009867,1.216481213023388,2025-07-24T21:46:02.176048
00786.png,0,20.0,22.90987891809309,17.090121081906908,1.2258372430845283,2025-07-24T21:46:02.453525
00787.png,0,20.0,22.03691524266516,17.963084757334833,1.2500564512503762,2025-07-24T21:46:02.730460
00788.png,1,20.0,25.92584066986561,14.074159330134382,1.2585982154805218,2025-07-24T21:46:03.024489
00789.png,0,20.0,24.148088468905925,15.851911531094066,1.2994724326724612,2025-07-24T21:46:03.319747
00790.png,0,20.0,22.903661928234147,17.096338071765846,1.303875077763226,2025-07-24T21:46:03.600641
00791.png,1,20.0,26.5325633497639,13.467436650236092,1.3303544309331667,2025-07-24T21:46:03.898418
00792.png,0,20.0,24.57279434483473,15.427205655165263,1.3561534756817961,2025-07-24T21:46:04.189960
00793.png,0,20.0,23.20095604138431,16.799043958615684,1.3522796385855174,2025-07-24T21:46:04.481489
00794.png,0,20.0,22.240669228969015,17.759330771030978,1.3223242216178086,2025-07-24T21:46:04.771749
00795.png,0,20.0,21.56846846027831,18.431531539721682,1.2857400072688818,2025-07-24T21:46:05.054457
00796.png,0,20.0,21.097927922194817,18.902072077805176,1.2604714051538264,2025-07-24T21:46:05.349031
00797.png,0,20.0,20.76854954553637,19.231450454463623,1.2352665264616793,2025-07-24T21:46:05.629544
00798.png,0,20.0,20.537984681875457,19.462015318124536,1.2377048652384062,2025-07-24T21:46:05.922423
00799.png,0,20.0,20.376589277312817,19.623410722687176,1.2241897544638076,2025-07-24T21:46:06.218354
00800.png,0,20.0,20.263612494118973,19.736387505881023,1.2181809572560531,2025-07-24T21:46:06.513943
00801.png,0,20.0,20.18452874588328,19.815471254116716,1.2199797731079098,2025-07-24T21:46:06.799803
00802.png,0,20.0,20.129170122118296,19.8708298778817,1.2176519471243183,2025-07-24T21:46:07.076116
00803.png,0,20.0,20.090419085482807,19.90958091451719,1.229583797219016,2025-07-24T21:46:07.358154
00804.png,0,20.0,20.063293359837964,19.93670664016203,1.2173811317556995,2025-07-24T21:46:07.654310
00805.png,0,20.0,20.04430535188657,19.955694648113422,1.216998463157832,2025-07-24T21:46:07.936625
00806.png,0,20.0,20.031013746320596,19.968986253679397,1.2190134025815063,2025-07-24T21:46:08.214077
00807.png,1,20.0,24.521709622424417,15.478290377575577,1.2525223721865881,2025-07-24T21:46:08.491908
00808.png,0,20.0,23.16519673569709,16.834803264302906,1.270988883839141,2025-07-24T21:46:08.774342
00809.png,0,20.0,22.215637714987963,17.784362285012033,1.2660278858310323,2025-07-24T21:46:09.051624
00810.png,0,20.0,21.550946400491576,18.449053599508424,1.2647804800609737,2025-07-24T21:46:09.331563
00811.png,0,20.0,21.0856624803441,18.914337519655895,1.250368273435014,2025-07-24T21:46:09.626810
00812.png,0,20.0,20.75996373624087,19.240036263759126,1.2397082150341152,2025-07-24T21:46:09.906787
00813.png,0,20.0,20.531974615368608,19.46802538463139,1.234289080840601,2025-07-24T21:46:10.199544
00814.png,0,20.0,20.372382230758024,19.627617769241972,1.2246890238303814,2025-07-24T21:46:10.478745
00815.png,0,20.0,20.260667561530617,19.73933243846938,1.2195361654190624,2025-07-24T21:46:10.759412
00816.png,0,20.0,20.182467293071433,19.817532706928567,1.2175283193034738,2025-07-24T21:46:11.043390
00817.png,-1,20.0,15.627727105150003,24.372272894849996,1.181664473005532,2025-07-24T21:46:11.325011
00818.png,0,20.0,16.939408973605,23.060591026394995,1.174214337918097,2025-07-24T21:46:11.601479
00819.png,-1,20.0,13.357586281523501,26.642413718476497,1.1675248409000865,2025-07-24T21:46:11.881791
00820.png,0,20.0,15.35031039706645,24.649689602933545,1.1701782487318038,2025-07-24T21:46:12.166118
00821.png,0,20.0,16.745217277946516,23.25478272205348,1.148052506614816,2025-07-24T21:46:12.445773
00822.png,0,20.0,17.72165209456256,22.278347905437435,1.1478331198944847,2025-07-24T21:46:12.722681
00823.png,0,20.0,18.405156466193795,21.594843533806205,1.1510465002429708,2025-07-24T21:46:13.001327
00824.png,0,20.0,18.883609526335654,21.116390473664342,1.1768804768888128,2025-07-24T21:46:13.282322
00825.png,0,20.0,19.218526668434958,20.78147333156504,1.1904355889535259,2025-07-24T21:46:13.576057
00826.png,0,20.0,19.45296866790447,20.54703133209553,1.1948812804534967,2025-07-24T21:46:13.869349
00827.png,0,20.0,19.61707806753313,20.38292193246687,1.1935063783424853,2025-07-24T21:46:14.158684
00828.png,1,20.0,24.23195464727319,15.768045352726809,1.228142103112843,2025-07-24T21:46:14.432866
00829.png,0,20.0,22.96236825309123,17.037631746908765,1.2457987299766469,2025-07-24T21:46:14.720983
00830.png,0,20.0,22.07365777716386,17.926342222836134,1.2571221617458868,2025-07-24T21:46:14.999832
00831.png,0,20.0,21.451560444014703,18.548439555985293,1.2659360535033264,2025-07-24T21:46:15.275241
00832.png,0,20.0,21.016092310810293,18.983907689189707,1.2524973945858104,2025-07-24T21:46:15.550520
00833.png,0,20.0,20.711264617567203,19.288735382432794,1.2371353766773454,2025-07-24T21:46:15.844120
00834.png,0,20.0,20.49788523229704,19.502114767702956,1.2301719531533906,2025-07-24T21:46:16.119498
00835.png,0,20.0,20.348519662607927,19.65148033739207,1.2187854319050289,2025-07-24T21:46:16.417533
00836.png,0,20.0,20.243963763825548,19.756036236174445,1.2221501304780102,2025-07-24T21:46:16.710452
00837.png,0,20.0,20.170774634677883,19.82922536532211,1.214297861640096,2025-07-24T21:46:16.992314
00838.png,0,20.0,20.11954224427452,19.880457755725477,1.2195799783557388,2025-07-24T21:46:17.272108
00839.png,0,20.0,20.08367957099216,19.916320429007833,1.218928441352822,2025-07-24T21:46:17.561524
00840.png,0,20.0,20.05857569969451,19.94142430030548,1.224927519664274,2025-07-24T21:46:17.841936
00841.png,0,20.0,20.041002989786158,19.958997010213835,1.2181084698341085,2025-07-24T21:46:18.127802
00842.png,0,20.0,20.02870209285031,19.971297907149683,1.2216269221364093,2025-07-24T21:46:18.417867
00843.png,0,20.0,20.020091464995218,19.97990853500478,1.2110310357475995,2025-07-24T21:46:18.699526
00844.png,0,20.0,20.01406402549665,19.98593597450334,1.2133620069039885,2025-07-24T21:46:18.997696
00845.png,0,20.0,20.009844817847657,19.99015518215234,1.2129864861347952,2025-07-24T21:46:19.288001
00846.png,0,20.0,20.006891372493357,19.993108627506636,1.2172393154359855,2025-07-24T21:46:19.575937
00847.png,0,20.0,20.004823960745348,19.995176039254645,1.2147578405776898,2025-07-24T21:46:19.855783
00848.png,0,20.0,20.00337677252174,19.996623227478253,1.2146662166301703,2025-07-24T21:46:20.136825
00849.png,0,20.0,20.00236374076522,19.997636259234774,1.210912985792228,2025-07-24T21:46:20.414642
00850.png,0,20.0,20.001654618535653,19.99834538146434,1.2185294675387293,2025-07-24T21:46:20.698121
00851.png,0,20.0,20.00115823297496,19.998841767025038,1.2165102022186534,2025-07-24T21:46:20.984963
00852.png,0,20.0,20.00081076308247,19.999189236917523,1.2225534957061666,2025-07-24T21:46:21.274112
00853.png,0,20.0,20.000567534157728,19.999432465842265,1.2152717884314395,2025-07-24T21:46:21.552388
00854.png,0,20.0,20.00039727391041,19.999602726089584,1.2153517646932925,2025-07-24T21:46:21.829771
00855.png,0,20.0,20.000278091737286,19.999721908262707,1.2170697001942665,2025-07-24T21:46:22.109933
00856.png,0,20.0,20.0001946642161,19.999805335783893,1.2145664665314537,2025-07-24T21:46:22.399494
00857.png,0,20.0,20.00013626495127,19.999863735048727,1.2166217044188998,2025-07-24T21:46:22.678387
00858.png,0,20.0,20.000095385465887,19.99990461453411,1.2150339514852233,2025-07-24T21:46:22.969828
00859.png,0,20.0,20.00006676982612,19.999933230173877,1.214935306880593,2025-07-24T21:46:23.261880
00860.png,0,20.0,20.000046738878282,19.99995326112171,1.2174830349502643,2025-07-24T21:46:23.555869
00861.png,0,20.0,20.000032717214797,19.999967282785196,1.2145143421358617,2025-07-24T21:46:23.832250
00862.png,0,20.0,20.000022902050357,19.99997709794964,1.2192560754303285,2025-07-24T21:46:24.129161
00863.png,0,20.0,20.00001603143525,19.99998396856475,1.2180236651515095,2025-07-24T21:46:24.421479
00864.png,0,20.0,20.000011222004673,19.999988777995323,1.2177284771915171,2025-07-24T21:46:24.699625
00865.png,0,20.0,20.00000785540327,19.999992144596725,1.2129471118562873,2025-07-24T21:46:24.996697
00866.png,0,20.0,20.000005498782286,19.999994501217706,1.213831624768321,2025-07-24T21:46:25.294163
00867.png,0,20.0,20.0000038491476,19.999996150852393,1.2156074368067233,2025-07-24T21:46:25.581912
00868.png,-1,20.0,15.50000269440332,24.499997305596672,1.2116724820030575,2025-07-24T21:46:25.862244
00869.png,0,20.0,16.850001886082325,23.14999811391767,1.1986477136263591,2025-07-24T21:46:26.126246
00870.png,0,20.0,17.795001320257626,22.204998679742367,1.17163108462359,2025-07-24T21:46:26.405329
00871.png,0,20.0,18.45650092418034,21.543499075819653,1.1661574209777492,2025-07-24T21:46:26.674863
00872.png,0,20.0,18.919550646926236,21.080449353073757,1.1703532734377393,2025-07-24T21:46:26.967133
00873.png,0,20.0,19.243685452848364,20.75631454715163,1.180654577037822,2025-07-24T21:46:27.247306
00874.png,1,20.0,23.970579816993855,16.02942018300614,1.2017778711450782,2025-07-24T21:46:27.528081
00875.png,0,20.0,22.779405871895698,17.220594128104295,1.2346351208273794,2025-07-24T21:46:27.809194
00876.png,0,20.0,21.945584110326987,18.054415889673006,1.2447783119018705,2025-07-24T21:46:28.084916
00877.png,0,20.0,21.361908877228892,18.6380911227711,1.2482924183207946,2025-07-24T21:46:28.368187
00878.png,0,20.0,20.953336214060222,19.04666378593977,1.243118118990126,2025-07-24T21:46:28.659617
00879.png,0,20.0,20.667335349842155,19.332664650157838,1.2264557399992682,2025-07-24T21:46:28.940703
00880.png,0,20.0,20.467134744889506,19.532865255110487,1.2283970772612314,2025-07-24T21:46:29.234611
00881.png,0,20.0,20.326994321422653,19.67300567857734,1.2195156952840605,2025-07-24T21:46:29.520385
00882.png,0,20.0,20.228896024995855,19.771103975004138,1.217119376487112,2025-07-24T21:46:29.806873
00883.png,0,20.0,20.160227217497095,19.839772782502898,1.2153331029324326,2025-07-24T21:46:30.088628
00884.png,0,20.0,20.112159052247968,19.88784094775203,1.216504679336183,2025-07-24T21:46:30.370177
00885.png,0,20.0,20.078511336573577,19.92148866342642,1.2179176419523952,2025-07-24T21:46:30.655766
00886.png,0,20.0,20.0549579356015,19.945042064398493,1.217392727968498,2025-07-24T21:46:30.929089
00887.png,0,20.0,20.038470554921048,19.961529445078945,1.2190120060403031,2025-07-24T21:46:31.197020
00888.png,0,20.0,20.026929388444735,19.97307061155526,1.2128915358954646,2025-07-24T21:46:31.472063
00889.png,0,20.0,20.018850571911315,19.981149428088685,1.2169943469643631,2025-07-24T21:46:31.740643
00890.png,0,20.0,20.01319540033792,19.98680459966208,1.1993794772716366,2025-07-24T21:46:32.020842
00891.png,0,20.0,20.00923678023654,19.990763219763455,1.2172154748357384,2025-07-24T21:46:32.290867
00892.png,0,20.0,20.006465746165578,19.99353425383442,1.2246291619338323,2025-07-24T21:46:32.598658
00893.png,0,20.0,20.004526022315904,19.995473977684092,1.2188324401054973,2025-07-24T21:46:32.878013
00894.png,0,20.0,20.00316821562113,19.996831784378863,1.206609477822708,2025-07-24T21:46:33.156510
00895.png,0,20.0,20.00221775093479,19.997782249065203,1.2002823201183468,2025-07-24T21:46:33.433496
00896.png,0,20.0,20.001552425654353,19.99844757434564,1.217422539750368,2025-07-24T21:46:33.706485
00897.png,0,20.0,20.001086697958044,19.99891330204195,1.2185195465484968,2025-07-24T21:46:33.983625
00898.png,0,20.0,20.00076068857063,19.999239311429363,1.2182090523569538,2025-07-24T21:46:34.291129
00899.png,0,20.0,20.00053248199944,19.999467518000554,1.2235155558730244,2025-07-24T21:46:34.573926
00900.png,0,20.0,20.00037273739961,19.999627262600384,1.2171539185572249,2025-07-24T21:46:34.875722
00901.png,0,20.0,20.000260916179727,19.999739083820266,1.2128107970778643,2025-07-24T21:46:35.163931
00902.png,0,20.0,20.000182641325807,19.999817358674186,1.2146133214414325,2025-07-24T21:46:35.449750
00903.png,0,20.0,20.000127848928066,19.99987215107193,1.209260814948926,2025-07-24T21:46:35.733984
00904.png,0,20.0,20.000089494249643,19.99991050575035,1.2174248271661516,2025-07-24T21:46:36.017230
00905.png,0,20.0,20.00006264597475,19.999937354025242,1.2168601814284254,2025-07-24T21:46:36.312304
00906.png,0,20.0,20.000043852182323,19.99995614781767,1.2014540476780058,2025-07-24T21:46:36.593694
00907.png,0,20.0,20.000030696527624,19.99996930347237,1.2005095871200253,2025-07-24T21:46:36.866598
00908.png,0,20.0,20.000021487569335,19.99997851243066,1.2069214247961015,2025-07-24T21:46:37.155493
00909.png,0,20.0,20.000015041298532,19.99998495870146,1.2146703582111074,2025-07-24T21:46:37.434956
00910.png,0,20.0,20.000010528908973,19.99998947109102,1.2191897911959106,2025-07-24T21:46:37.705028
00911.png,0,20.0,20.000007370236283,19.999992629763714,1.2032683904655812,2025-07-24T21:46:37.983951
00912.png,0,20.0,20.000005159165397,19.9999948408346,1.216850233866573,2025-07-24T21:46:38.249684
00913.png,0,20.0,20.000003611415778,19.99999638858422,1.2006650869018247,2025-07-24T21:46:38.515129
00914.png,0,20.0,20.000002527991043,19.99999747200895,1.2145137806315367,2025-07-24T21:46:38.797476
00915.png,0,20.0,20.00000176959373,19.999998230406263,1.2240672651002995,2025-07-24T21:46:39.080408
00916.png,0,20.0,20.000001238715612,19.99999876128438,1.2193634912374456,2025-07-24T21:46:39.358007
00917.png,0,20.0,20.00000086710093,19.999999132899067,1.2013817023398268,2025-07-24T21:46:39.639205
00918.png,0,20.0,20.00000060697065,19.99999939302935,1.2150392993657646,2025-07-24T21:46:39.918847
00919.png,0,20.0,20.000000424879453,19.999999575120544,1.224850595331714,2025-07-24T21:46:40.223762
00920.png,0,20.0,20.000000297415617,19.999999702584383,1.216586648499075,2025-07-24T21:46:40.515158
00921.png,0,20.0,20.000000208190933,19.999999791809067,1.2160584867647728,2025-07-24T21:46:40.793556
00922.png,-1,20.0,15.500000145733653,24.499999854266346,1.1899201098342853,2025-07-24T21:46:41.063658
00923.png,0,20.0,16.850000102013556,23.14999989798644,1.1707989924608317,2025-07-24T21:46:41.345978
00924.png,0,20.0,17.79500007140949,22.204999928590507,1.1615039177148934,2025-07-24T21:46:41.611941
00925.png,0,20.0,18.456500049986644,21.543499950013356,1.1701383790934898,2025-07-24T21:46:41.877340
00926.png,0,20.0,18.91955003499065,21.08044996500935,1.1698377264848143,2025-07-24T21:46:42.142129
00927.png,0,20.0,19.243685024493452,20.756314975506545,1.187291979398038,2025-07-24T21:46:42.411685
00928.png,0,20.0,19.470579517145417,20.52942048285458,1.209825681437767,2025-07-24T21:46:42.679092
00929.png,0,20.0,19.62940566200179,20.370594337998206,1.207723988065373,2025-07-24T21:46:42.943369
00930.png,0,20.0,19.740583963401253,20.259416036598743,1.2108072175839197,2025-07-24T21:46:43.213668
00931.png,0,20.0,19.818408774380877,20.18159122561912,1.2103091859247275,2025-07-24T21:46:43.492015
00932.png,0,20.0,19.872886142066612,20.12711385793338,1.207597239544553,2025-07-24T21:46:43.771570
00933.png,0,20.0,19.911020299446626,20.088979700553367,1.2176020377335561,2025-07-24T21:46:44.050645
00934.png,0,20.0,19.937714209612636,20.062285790387357,1.2169994292059523,2025-07-24T21:46:44.318650
00935.png,0,20.0,19.956399946728844,20.04360005327115,1.2166532720688943,2025-07-24T21:46:44.601590
00936.png,0,20.0,19.96947996271019,20.030520037289804,1.2202150184621037,2025-07-24T21:46:44.877841
00937.png,0,20.0,19.97863597389713,20.021364026102862,1.2128764452693477,2025-07-24T21:46:45.149775
00938.png,0,20.0,19.98504518172799,20.014954818272003,1.2169562483922682,2025-07-24T21:46:45.426839
00939.png,0,20.0,19.989531627209594,20.0104683727904,1.2158332026682257,2025-07-24T21:46:45.692211
00940.png,0,20.0,19.992672139046714,20.00732786095328,1.2205315317019942,2025-07-24T21:46:45.958577
00941.png,0,20.0,19.9948704973327,20.005129502667295,1.2192813023408235,2025-07-24T21:46:46.229832
00942.png,0,20.0,19.996409348132886,20.003590651867107,1.2164607126694835,2025-07-24T21:46:46.508694
00943.png,0,20.0,19.99748654369302,20.00251345630697,1.2196613663093636,2025-07-24T21:46:46.774817
00944.png,0,20.0,19.998240580585115,20.00175941941488,1.2167968235064541,2025-07-24T21:46:47.027388
00945.png,0,20.0,19.99876840640958,20.00123159359042,1.2175191088002375,2025-07-24T21:46:47.294874
00946.png,0,20.0,19.999137884486707,20.000862115513293,1.2192974485323835,2025-07-24T21:46:47.560371
00947.png,0,20.0,19.999396519140696,20.000603480859304,1.2177683948909939,2025-07-24T21:46:47.827216
00948.png,0,20.0,19.999577563398486,20.00042243660151,1.2160810678943639,2025-07-24T21:46:48.095487
00949.png,0,20.0,19.999704294378937,20.000295705621056,1.2158211943282677,2025-07-24T21:46:48.373641
00950.png,0,20.0,19.999793006065254,20.00020699393474,1.2158403262907218,2025-07-24T21:46:48.642848
00951.png,0,20.0,19.999855104245675,20.000144895754318,1.2164204663854226,2025-07-24T21:46:48.911287
00952.png,0,20.0,19.999898572971972,20.00010142702802,1.2140903060149977,2025-07-24T21:46:49.177885
00953.png,0,20.0,19.999929001080382,20.00007099891961,1.216116447915907,2025-07-24T21:46:49.440023
00954.png,0,20.0,19.999950300756268,20.000049699243725,1.2179284880467127,2025-07-24T21:46:49.709452
00955.png,0,20.0,19.99996521052939,20.000034789470604,1.2143447891960613,2025-07-24T21:46:49.979309
00956.png,0,20.0,19.999975647370572,20.000024352629424,1.216487730016911,2025-07-24T21:46:50.243608
00957.png,0,20.0,19.9999829531594,20.000017046840597,1.2167707091610103,2025-07-24T21:46:50.510159
00958.png,0,20.0,19.99998806721158,20.000011932788418,1.2138997909668272,2025-07-24T21:46:50.765162
00959.png,0,20.0,19.999991647048105,20.00000835295189,1.2132601489986705,2025-07-24T21:46:51.030278
00960.png,0,20.0,19.999994152933674,20.000005847066323,1.2130577302170786,2025-07-24T21:46:51.299756
00961.png,0,20.0,19.99999590705357,20.000004092946426,1.2134944900025029,2025-07-24T21:46:51.574522
00962.png,0,20.0,19.999997134937498,20.0000028650625,1.2163121078474928,2025-07-24T21:46:51.830696
00963.png,0,20.0,19.999997994456248,20.00000200554375,1.2166244700420492,2025-07-24T21:46:52.095634
00964.png,0,20.0,19.999998596119372,20.000001403880624,1.2179831358913022,2025-07-24T21:46:52.361774
00965.png,0,20.0,19.99999901728356,20.000000982716436,1.2142834229484556,2025-07-24T21:46:52.638204
00966.png,0,20.0,19.999999312098492,20.000000687901505,1.2235886048401705,2025-07-24T21:46:52.881070
00967.png,0,20.0,19.999999518468943,20.000000481531053,1.216020514202685,2025-07-24T21:46:53.150103
00968.png,0,20.0,19.99999966292826,20.000000337071736,1.2130731762360616,2025-07-24T21:46:53.402187
00969.png,0,20.0,19.999999764049782,20.000000235950214,1.2135234241240789,2025-07-24T21:46:53.661822
00970.png,0,20.0,19.999999834834846,20.000000165165147,1.2173897012736927,2025-07-24T21:46:53.915590
00971.png,0,20.0,19.99999988438439,20.000000115615602,1.2157589568281433,2025-07-24T21:46:54.163108
00972.png,0,20.0,19.999999919069072,20.00000008093092,1.2163058300401615,2025-07-24T21:46:54.417684
00973.png,0,20.0,19.99999994334835,20.000000056651643,1.2115335226377928,2025-07-24T21:46:54.678239
00974.png,0,20.0,19.999999960343843,20.00000003965615,1.2096095685356705,2025-07-24T21:46:54.923153
00975.png,0,20.0,19.999999972240687,20.000000027759306,1.2161671660567568,2025-07-24T21:46:55.165508
00976.png,0,20.0,19.999999980568482,20.00000001943151,1.204656262503805,2025-07-24T21:46:55.402764
00977.png,0,20.0,19.99999998639794,20.000000013602055,1.221628476853877,2025-07-24T21:46:55.645668
00978.png,0,20.0,19.999999990478557,20.000000009521436,1.2156159285633112,2025-07-24T21:46:55.874530
00979.png,0,20.0,19.99999999333499,20.000000006665005,1.2170209042331617,2025-07-24T21:46:56.110910
00980.png,0,20.0,19.99999999533449,20.0000000046655,1.2100399590673188,2025-07-24T21:46:56.341310
00981.png,1,20.0,24.499999996734143,15.50000000326585,1.2423906720785984,2025-07-24T21:46:56.577613
00982.png,1,20.0,27.6499999977139,12.350000002286095,1.2777499702080823,2025-07-24T21:46:56.801795
00983.png,0,20.0,25.354999998399727,14.645000001600266,1.3075586799715806,2025-07-24T21:46:57.032987
00984.png,0,20.0,23.748499998879808,16.251500001120185,1.3297219324592517,2025-07-24T21:46:57.260425
00985.png,0,20.0,22.623949999215863,17.37605000078413,1.314956376112288,2025-07-24T21:46:57.471830
00986.png,0,20.0,21.836764999451105,18.163235000548887,1.288642871232095,2025-07-24T21:46:57.700454
00987.png,-1,20.0,16.785735499615775,23.21426450038422,1.2410285450175178,2025-07-24T21:46:57.913232
00988.png,0,20.0,17.75001484973104,22.249985150268955,1.2014113739426855,2025-07-24T21:46:58.126462
00989.png,0,20.0,18.42501039481173,21.574989605188268,1.1641034863035276,2025-07-24T21:46:58.353221
00990.png,0,20.0,18.89750727636821,21.102492723631787,1.1759014363028548,2025-07-24T21:46:58.564270
00991.png,0,20.0,19.228255093457747,20.77174490654225,1.1809485584085238,2025-07-24T21:46:58.793958
00992.png,1,20.0,23.95977856542042,16.04022143457957,1.2130798135719474,2025-07-24T21:46:59.024819
00993.png,0,20.0,22.771844995794293,17.2281550042057,1.2482320257603763,2025-07-24T21:46:59.258546
00994.png,0,20.0,21.940291497056002,18.05970850294399,1.2589561584881168,2025-07-24T21:46:59.473857
00995.png,0,20.0,21.3582040479392,18.641795952060793,1.2577194019458806,2025-07-24T21:46:59.697065
00996.png,0,20.0,20.950742833557438,19.049257166442555,1.2536799164116328,2025-07-24T21:46:59.911302
00997.png,0,20.0,20.665519983490206,19.334480016509787,1.2361908657264598,2025-07-24T21:47:00.139662
00998.png,0,20.0,20.465863988443143,19.53413601155685,1.2168866462064254,2025-07-24T21:47:00.367060
00999.png,1,20.0,24.826104791910197,15.173895208089794,1.2504049083972442,2025-07-24T21:47:00.581927
01000.png,0,20.0,23.378273354337136,16.621726645662854,1.281000622231682,2025-07-24T21:47:00.806051
01001.png,1,20.0,26.864791348035993,13.135208651963996,1.3155398616141736,2025-07-24T21:47:01.037058
01002.png,0,20.0,24.805353943625192,15.194646056374797,1.3305961832679556,2025-07-24T21:47:01.260390
01003.png,0,20.0,23.363747760537635,16.636252239462358,1.3361836895180774,2025-07-24T21:47:01.485153
01004.png,0,20.0,22.354623432376343,17.64537656762365,1.3295814509582606,2025-07-24T21:47:01.699804
01005.png,0,20.0,21.64823640266344,18.351763597336554,1.2906445373819027,2025-07-24T21:47:01.913083
01006.png,0,20.0,21.153765481864404,18.84623451813559,1.2570862062815182,2025-07-24T21:47:02.110604
01007.png,0,20.0,20.80763583730508,19.19236416269491,1.2236191845705406,2025-07-24T21:47:02.326668
01008.png,0,20.0,20.565345086113556,19.434654913886437,1.2360279844122501,2025-07-24T21:47:02.555142
01009.png,1,20.0,24.89574156027949,15.104258439720505,1.253802165262067,2025-07-24T21:47:02.766562
01010.png,1,20.0,27.927019092195643,12.072980907804354,1.2923056724527262,2025-07-24T21:47:02.983917
01011.png,0,20.0,25.548913364536947,14.451086635463048,1.3238803745537584,2025-07-24T21:47:03.209536
01012.png,0,20.0,23.88423935517586,16.115760644824135,1.336703779670123,2025-07-24T21:47:03.429209
01013.png,0,20.0,22.7189675486231,17.281032451376895,1.3255760295054926,2025-07-24T21:47:03.634158
01014.png,0,20.0,21.90327728403617,18.096722715963825,1.30973546034755,2025-07-24T21:47:03.846786
01015.png,0,20.0,21.33229409882532,18.667705901174678,1.265495352645558,2025-07-24T21:47:04.077297
01016.png,0,20.0,20.93260586917772,19.067394130822272,1.2421700754504388,2025-07-24T21:47:04.304246
01017.png,1,20.0,25.152824108424404,14.84717589157559,1.2630535141745907,2025-07-24T21:47:04.515430
01018.png,1,20.0,28.106976875897082,11.893023124102912,1.2988971734457504,2025-07-24T21:47:04.747034
01019.png,1,20.0,30.174883813127956,9.825116186872037,1.3600008561425598,2025-07-24T21:47:04.971394
01020.png,0,20.0,27.122418669189567,12.877581330810425,1.3764909314062908,2025-07-24T21:47:05.201325
01021.png,0,20.0,24.985693068432695,15.014306931567297,1.41428666352838,2025-07-24T21:47:05.425929
01022.png,0,20.0,23.489985147902885,16.510014852097108,1.38621412793932,2025-07-24T21:47:05.637618
01023.png,0,20.0,22.44298960353202,17.557010396467973,1.3276602446289612,2025-07-24T21:47:05.856103
01024.png,0,20.0,21.71009272247241,18.289907277527583,1.2856113826188198,2025-07-24T21:47:06.080581
01025.png,1,20.0,25.697064905730684,14.302935094269307,1.3016914895968241,2025-07-24T21:47:06.309001
01026.png,1,20.0,28.48794543401148,11.512054565988514,1.3535329347845912,2025-07-24T21:47:06.534216
01027.png,1,20.0,30.441561803808035,9.55843819619196,1.3878237851075952,2025-07-24T21:47:06.758353
01028.png,1,20.0,31.809093262665623,8.190906737334371,1.4144817974638888,2025-07-24T21:47:06.965805
01029.png,1,20.0,32.76636528386594,7.23363471613406,1.4510632433265005,2025-07-24T21:47:07.203481
01030.png,0,20.0,28.936455698706155,11.063544301293842,1.4750268886886966,2025-07-24T21:47:07.434053
01031.png,0,20.0,26.255518989094305,13.744481010905687,1.5052411320714902,2025-07-24T21:47:07.664457
01032.png,0,20.0,24.378863292366013,15.62113670763398,1.452621557682607,2025-07-24T21:47:07.888311
01033.png,0,20.0,23.06520430465621,16.934795695343787,1.382028766890724,2025-07-24T21:47:08.101791
01034.png,0,20.0,22.145643013259345,17.85435698674065,1.315741548580325,2025-07-24T21:47:08.339479
01035.png,0,20.0,21.50195010928154,18.498049890718455,1.2749697920729777,2025-07-24T21:47:08.595522
01036.png,0,20.0,21.051365076497078,18.94863492350292,1.2508137425411716,2025-07-24T21:47:08.861163
01037.png,0,20.0,20.735955553547953,19.26404444645204,1.2332410475188933,2025-07-24T21:47:09.115680
01038.png,0,20.0,20.51516888748357,19.484831112516428,1.223407316791851,2025-07-24T21:47:09.371032
01039.png,0,20.0,20.360618221238497,19.639381778761496,1.2208910074933432,2025-07-24T21:47:09.639410
01040.png,0,20.0,20.252432754866945,19.747567245133048,1.218600557312872,2025-07-24T21:47:09.904571
01041.png,0,20.0,20.17670292840686,19.82329707159313,1.2135413055042898,2025-07-24T21:47:10.185948
01042.png,0,20.0,20.123692049884802,19.87630795011519,1.2219424821256917,2025-07-24T21:47:10.449152
01043.png,0,20.0,20.08658443491936,19.913415565080633,1.2331178171823893,2025-07-24T21:47:10.704344
01044.png,1,20.0,24.56060910444355,15.439390895556443,1.249292351062573,2025-07-24T21:47:10.977752
01045.png,0,20.0,23.192426373110482,16.807573626889507,1.2660453096523097,2025-07-24T21:47:11.251882
01046.png,0,20.0,22.234698461177338,17.765301538822655,1.26913290987902,2025-07-24T21:47:11.503069
01047.png,0,20.0,21.564288922824133,18.43571107717586,1.2776802703083379,2025-07-24T21:47:11.756613
01048.png,0,20.0,21.095002245976893,18.9049977540231,1.2597066303904438,2025-07-24T21:47:12.012855
01049.png,0,20.0,20.766501572183824,19.23349842781617,1.2511433780839478,2025-07-24T21:47:12.274066
01050.png,0,20.0,20.536551100528676,19.463448899471317,1.2272972772538997,2025-07-24T21:47:12.529494
01051.png,0,20.0,20.375585770370073,19.62441422962992,1.2253384198022692,2025-07-24T21:47:12.827962
01052.png,0,20.0,20.262910039259047,19.737089960740946,1.227081542310044,2025-07-24T21:47:13.106216
01053.png,0,20.0,20.18403702748133,19.815962972518662,1.2128749480567,2025-07-24T21:47:13.382246
01054.png,0,20.0,20.12882591923693,19.871174080763062,1.2230727588776062,2025-07-24T21:47:13.665167
01055.png,0,20.0,20.09017814346585,19.909821856534144,1.2167497234849114,2025-07-24T21:47:13.931650
01056.png,0,20.0,20.063124700426094,19.9368752995739,1.2112224210034577,2025-07-24T21:47:14.204359
01057.png,0,20.0,20.044187290298265,19.95581270970173,1.220130352956564,2025-07-24T21:47:14.482591
01058.png,0,20.0,20.030931103208786,19.969068896791207,1.2165712544091212,2025-07-24T21:47:14.757030
01059.png,0,20.0,20.021651772246152,19.978348227753845,1.2157924302364618,2025-07-24T21:47:15.025629
01060.png,0,20.0,20.015156240572303,19.98484375942769,1.2169905640965233,2025-07-24T21:47:15.298475
01061.png,0,20.0,20.01060936840061,19.989390631599385,1.214661660071468,2025-07-24T21:47:15.558588
01062.png,0,20.0,20.007426557880425,19.992573442119568,1.2137074571321929,2025-07-24T21:47:15.836521
01063.png,0,20.0,20.005198590516297,19.9948014094837,1.2232643908005234,2025-07-24T21:47:16.093372
01064.png,0,20.0,20.003639013361408,19.99636098663859,1.2176711176117123,2025-07-24T21:47:16.357523
01065.png,0,20.0,20.002547309352984,19.99745269064701,1.2151867976229855,2025-07-24T21:47:16.631693
01066.png,0,20.0,20.001783116547088,19.998216883452905,1.2101084137462057,2025-07-24T21:47:16.904332
01067.png,0,20.0,20.00124818158296,19.998751818417034,1.2136690384234712,2025-07-24T21:47:17.172022
01068.png,0,20.0,20.000873727108072,19.99912627289192,1.2118099124803825,2025-07-24T21:47:17.423985
01069.png,0,20.0,20.00061160897565,19.999388391024343,1.2174439918835687,2025-07-24T21:47:17.691079
01070.png,0,20.0,20.000428126282955,19.999571873717038,1.2182400660302717,2025-07-24T21:47:17.964600
01071.png,0,20.0,20.000299688398066,19.999700311601927,1.2127648419865968,2025-07-24T21:47:18.230001
01072.png,0,20.0,20.000209781878645,19.999790218121348,1.213128423126325,2025-07-24T21:47:18.494950
01073.png,0,20.0,20.00014684731505,19.999853152684942,1.2088565143184535,2025-07-24T21:47:18.789975
01074.png,0,20.0,20.000102793120533,19.99989720687946,1.2148096832500532,2025-07-24T21:47:19.050811
01075.png,0,20.0,20.000071955184374,19.999928044815622,1.2180533531663302,2025-07-24T21:47:19.321741
01076.png,0,20.0,20.00005036862906,19.999949631370935,1.2131604914329963,2025-07-24T21:47:19.600802
01077.png,0,20.0,20.00003525804034,19.99996474195965,1.2230184910426203,2025-07-24T21:47:19.878374
01078.png,0,20.0,20.000024680628236,19.999975319371757,1.2151225051099115,2025-07-24T21:47:20.133548
01079.png,0,20.0,20.000017276439763,19.99998272356023,1.2151394402140923,2025-07-24T21:47:20.412433
01080.png,0,20.0,20.000012093507834,19.99998790649216,1.2128415603436198,2025-07-24T21:47:20.682203
01081.png,0,20.0,20.000008465455483,19.99999153454451,1.210206188715216,2025-07-24T21:47:20.960538
01082.png,0,20.0,20.000005925818837,19.999994074181156,1.2155951093686188,2025-07-24T21:47:21.215788
01083.png,0,20.0,20.000004148073184,19.99999585192681,1.2139959582705002,2025-07-24T21:47:21.494243
01084.png,0,20.0,20.00000290365123,19.999997096348764,1.2191667860508177,2025-07-24T21:47:21.748926
01085.png,0,20.0,20.00000203255586,19.999997967444134,1.2137048014629759,2025-07-24T21:47:22.038668
01086.png,0,20.0,20.0000014227891,19.999998577210896,1.2128324584255556,2025-07-24T21:47:22.308973
01087.png,0,20.0,20.00000099595237,19.999999004047627,1.2146627321123895,2025-07-24T21:47:22.582140
01088.png,0,20.0,20.000000697166655,19.999999302833338,1.2140292977746738,2025-07-24T21:47:22.874665
01089.png,0,20.0,20.00000048801666,19.999999511983336,1.2149756659322692,2025-07-24T21:47:23.137704
01090.png,0,20.0,20.00000034161166,19.999999658388333,1.217180149365849,2025-07-24T21:47:23.406875
01091.png,0,20.0,20.000000239128163,19.99999976087183,1.210710745296091,2025-07-24T21:47:23.671253
01092.png,0,20.0,20.000000167389715,19.99999983261028,1.2232772073550762,2025-07-24T21:47:23.935551
01093.png,0,20.0,20.0000001171728,19.999999882827193,1.2107400183210282,2025-07-24T21:47:24.200190
01094.png,0,20.0,20.00000008202096,19.999999917979032,1.2159872764359734,2025-07-24T21:47:24.454621
01095.png,0,20.0,20.000000057414674,19.999999942585323,1.2132684221549757,2025-07-24T21:47:24.708965
01096.png,0,20.0,20.000000040190272,19.999999959809728,1.2169499722812533,2025-07-24T21:47:24.981170
01097.png,0,20.0,20.00000002813319,19.999999971866806,1.2175619342266064,2025-07-24T21:47:25.244490
01098.png,0,20.0,20.000000019693232,19.999999980306765,1.2149472795566945,2025-07-24T21:47:25.512407
01099.png,0,20.0,20.00000001378526,19.999999986214732,1.2223607256730737,2025-07-24T21:47:25.778859
01100.png,0,20.0,20.000000009649682,19.99999999035031,1.2009400269915684,2025-07-24T21:47:26.047242
01101.png,0,20.0,20.000000006754775,19.99999999324522,1.2156782095712657,2025-07-24T21:47:26.308000
01102.png,0,20.0,20.000000004728342,19.99999999527165,1.211920623217434,2025-07-24T21:47:26.563033
01103.png,0,20.0,20.000000003309836,19.999999996690157,1.2136428402645656,2025-07-24T21:47:26.816888
01104.png,0,20.0,20.000000002316884,19.99999999768311,1.2123988259298315,2025-07-24T21:47:27.069497
01105.png,0,20.0,20.000000001621817,19.999999998378176,1.2137464679511187,2025-07-24T21:47:27.337529
01106.png,0,20.0,20.00000000113527,19.999999998864723,1.2135032375951265,2025-07-24T21:47:27.594722
01107.png,0,20.0,20.000000000794685,19.999999999205308,1.2162532803194959,2025-07-24T21:47:27.863105
01108.png,0,20.0,20.000000000556277,19.999999999443716,1.2188919392397766,2025-07-24T21:47:28.126605
01109.png,0,20.0,20.00000000038939,19.9999999996106,1.2156650052937767,2025-07-24T21:47:28.379254
01110.png,0,20.0,20.00000000027257,19.99999999972742,1.2118273752711715,2025-07-24T21:47:28.630460
01111.png,0,20.0,20.0000000001908,19.999999999809194,1.209644341544781,2025-07-24T21:47:28.882693
01112.png,-1,20.0,15.500000000133557,24.499999999866436,1.213897244601229,2025-07-24T21:47:29.134631
01113.png,0,20.0,16.850000000093488,23.149999999906505,1.1759411500196681,2025-07-24T21:47:29.388451
01114.png,0,20.0,17.795000000065443,22.204999999934554,1.1686568237306227,2025-07-24T21:47:29.646789
01115.png,0,20.0,18.456500000045807,21.543499999954186,1.138902575896051,2025-07-24T21:47:29.895025
01116.png,0,20.0,18.919550000032064,21.08044999996793,1.1871570376864058,2025-07-24T21:47:30.149780
01117.png,0,20.0,19.243685000022445,20.756314999977548,1.189811023888458,2025-07-24T21:47:30.402948
01118.png,0,20.0,19.47057950001571,20.529420499984283,1.194354402924507,2025-07-24T21:47:30.661606
01119.png,0,20.0,19.629405650010995,20.370594349989,1.2011842302515856,2025-07-24T21:47:30.908196
01120.png,0,20.0,19.740583955007693,20.2594160449923,1.2105388945097662,2025-07-24T21:47:31.150627
01121.png,0,20.0,19.818408768505385,20.181591231494608,1.21099748927379,2025-07-24T21:47:31.403920
01122.png,0,20.0,19.87288613795377,20.127113862046222,1.2152796073439505,2025-07-24T21:47:31.670995
01123.png,0,20.0,19.91102029656764,20.088979703432354,1.2177684428425504,2025-07-24T21:47:31.930788
01124.png,0,20.0,19.937714207597345,20.062285792402648,1.2057739342598104,2025-07-24T21:47:32.184585
01125.png,0,20.0,19.95639994531814,20.043600054681853,1.2141212684434517,2025-07-24T21:47:32.435874
01126.png,0,20.0,19.969479961722698,20.030520038277295,1.2166335945798028,2025-07-24T21:47:32.684402
01127.png,0,20.0,19.97863597320589,20.021364026794103,1.2181988590370632,2025-07-24T21:47:32.938605
01128.png,0,20.0,19.98504518124412,20.01495481875587,1.2190317138331055,2025-07-24T21:47:33.177503
01129.png,0,20.0,19.989531626870885,20.010468373129108,1.214122186856285,2025-07-24T21:47:33.435631
01130.png,0,20.0,19.992672138809617,20.007327861190376,1.213841352006132,2025-07-24T21:47:33.684196
01131.png,0,20.0,19.99487049716673,20.005129502833263,1.2232949205019024,2025-07-24T21:47:33.936943
01132.png,0,20.0,19.996409348016712,20.00359065198328,1.2134827187090993,2025-07-24T21:47:34.206180
01133.png,0,20.0,19.9974865436117,20.002513456388293,1.2183999663193243,2025-07-24T21:47:34.465451
01134.png,0,20.0,19.99824058052819,20.001759419471803,1.2189299755165006,2025-07-24T21:47:34.741050
01135.png,0,20.0,19.998768406369734,20.00123159363026,1.2267021484730098,2025-07-24T21:47:35.010534
01136.png,0,20.0,19.99913788445881,20.00086211554118,1.2101133733792484,2025-07-24T21:47:35.289439
01137.png,0,20.0,19.999396519121166,20.000603480878826,1.211650284862427,2025-07-24T21:47:35.558091
01138.png,0,20.0,19.99957756338482,20.000422436615178,1.2101608173617748,2025-07-24T21:47:35.834804
01139.png,0,20.0,19.999704294369373,20.000295705630624,1.2253563853414122,2025-07-24T21:47:36.120346
01140.png,0,20.0,19.99979300605856,20.000206993941436,1.2174271848420684,2025-07-24T21:47:36.369687
01141.png,0,20.0,19.999855104240993,20.000144895759004,1.2220388151180415,2025-07-24T21:47:36.622716
01142.png,0,20.0,19.999898572968696,20.000101427031304,1.208051438978389,2025-07-24T21:47:36.887137
01143.png,0,20.0,19.999929001078087,20.000070998921913,1.216937488476948,2025-07-24T21:47:37.154027
01144.png,0,20.0,19.999950300754662,20.000049699245338,1.2162074104077336,2025-07-24T21:47:37.414706
01145.png,0,20.0,19.999965210528263,20.000034789471734,1.2262972295209187,2025-07-24T21:47:37.662220
01146.png,0,20.0,19.999975647369784,20.000024352630213,1.2191703882345133,2025-07-24T21:47:37.918532
01147.png,0,20.0,19.99998295315885,20.000017046841148,1.21589680132082,2025-07-24T21:47:38.181610
01148.png,0,20.0,19.99998806721119,20.0000119327888,1.2230204701411251,2025-07-24T21:47:38.444352
01149.png,0,20.0,19.999991647047835,20.000008352952158,1.219527572398265,2025-07-24T21:47:38.702285
01150.png,0,20.0,19.999994152933482,20.00000584706651,1.2154331933483966,2025-07-24T21:47:38.957997
01151.png,0,20.0,19.99999590705344,20.000004092946554,1.2101354409633494,2025-07-24T21:47:39.249501
01152.png,0,20.0,19.999997134937406,20.000002865062587,1.221768779814239,2025-07-24T21:47:39.501685
01153.png,0,20.0,19.999997994456184,20.00000200554381,1.215412111305866,2025-07-24T21:47:39.761468
01154.png,0,20.0,19.999998596119326,20.000001403880667,1.221326139748785,2025-07-24T21:47:40.032107
01155.png,0,20.0,19.99999901728353,20.000000982716465,1.2108703168102815,2025-07-24T21:47:40.292197
01156.png,0,20.0,19.999999312098467,20.000000687901526,1.216337274509253,2025-07-24T21:47:40.542469
01157.png,-1,20.0,15.499999518468925,24.500000481531067,1.197347656152139,2025-07-24T21:47:40.808563
01158.png,0,20.0,16.849999662928248,23.150000337071745,1.1691117993994231,2025-07-24T21:47:41.077276
01159.png,0,20.0,17.794999764049773,22.20500023595022,1.1474919244063875,2025-07-24T21:47:41.332733
01160.png,0,20.0,18.45649983483484,21.543500165165153,1.1539297869416585,2025-07-24T21:47:41.601779
01161.png,0,20.0,18.919549884384388,21.080450115615605,1.167877834077503,2025-07-24T21:47:41.851936
01162.png,0,20.0,19.24368491906907,20.756315080930925,1.1829565525333117,2025-07-24T21:47:42.107812
01163.png,0,20.0,19.47057944334835,20.529420556651644,1.181293264561105,2025-07-24T21:47:42.359344
01164.png,1,20.0,24.129405610343845,15.87059438965615,1.225428522118335,2025-07-24T21:47:42.609024
01165.png,0,20.0,22.89058392724069,17.109416072759302,1.2524384385228569,2025-07-24T21:47:42.868963
01166.png,0,20.0,22.023408749068484,17.976591250931513,1.2525536377489073,2025-07-24T21:47:43.137877
01167.png,0,20.0,21.416386124347937,18.58361387565206,1.266634244745723,2025-07-24T21:47:43.384106
01168.png,0,20.0,20.991470287043555,19.008529712956438,1.242771944919893,2025-07-24T21:47:43.640840
01169.png,0,20.0,20.694029200930487,19.305970799069506,1.2383041016334877,2025-07-24T21:47:43.891554
01170.png,0,20.0,20.485820440651338,19.514179559348655,1.2312483019644127,2025-07-24T21:47:44.133779
01171.png,0,20.0,20.340074308455936,19.659925691544057,1.2262257888492951,2025-07-24T21:47:44.384322
01172.png,0,20.0,20.238052015919152,19.76194798408084,1.205416297387417,2025-07-24T21:47:44.643412
01173.png,0,20.0,20.166636411143408,19.83336358885659,1.214023450063407,2025-07-24T21:47:44.891605
01174.png,0,20.0,20.116645487800383,19.88335451219961,1.2188428563934102,2025-07-24T21:47:45.131331
01175.png,0,20.0,20.081651841460268,19.918348158539725,1.2225517936842496,2025-07-24T21:47:45.402355
01176.png,0,20.0,20.05715628902219,19.942843710977805,1.2188449799309693,2025-07-24T21:47:45.654606
01177.png,0,20.0,20.040009402315533,19.959990597684463,1.21648102407962,2025-07-24T21:47:45.906255
01178.png,0,20.0,20.028006581620872,19.97199341837912,1.21477844590404,2025-07-24T21:47:46.144711
01179.png,0,20.0,20.01960460713461,19.980395392865383,1.2169160320504682,2025-07-24T21:47:46.400781
01180.png,0,20.0,20.013723224994227,19.986276775005766,1.2179699102753379,2025-07-24T21:47:46.653249
01181.png,0,20.0,20.009606257495957,19.990393742504036,1.2149279403470572,2025-07-24T21:47:46.890813
01182.png,0,20.0,20.00672438024717,19.993275619752822,1.2120489264376062,2025-07-24T21:47:47.141402
01183.png,0,20.0,20.00470706617302,19.995292933826974,1.2110608124997482,2025-07-24T21:47:47.383365
01184.png,0,20.0,20.003294946321112,19.99670505367888,1.2148704973704822,2025-07-24T21:47:47.642206
01185.png,0,20.0,20.002306462424777,19.997693537575216,1.2135743379683352,2025-07-24T21:47:47.891423
01186.png,0,20.0,20.00161452369734,19.99838547630265,1.211587026139538,2025-07-24T21:47:48.148389
01187.png,0,20.0,20.00113016658814,19.998869833411856,1.2060417285572549,2025-07-24T21:47:48.385655
01188.png,0,20.0,20.000791116611698,19.9992088833883,1.212127812232833,2025-07-24T21:47:48.628683
01189.png,-1,20.0,15.500553781628188,24.49944621837181,1.2047072651430046,2025-07-24T21:47:48.875628
01190.png,0,20.0,16.850387647139733,23.149612352860263,1.2139569914364885,2025-07-24T21:47:49.117859
01191.png,0,20.0,17.795271352997812,22.204728647002185,1.2003826376507032,2025-07-24T21:47:49.363425
01192.png,0,20.0,18.456689947098468,21.54331005290153,1.1725281324202963,2025-07-24T21:47:49.599405
01193.png,0,20.0,18.919682962968928,21.08031703703107,1.1681549919061927,2025-07-24T21:47:49.826662
01194.png,0,20.0,19.24377807407825,20.756221925921746,1.1930407090792436,2025-07-24T21:47:50.077691
01195.png,0,20.0,19.470644651854776,20.529355348145224,1.2008647065965896,2025-07-24T21:47:50.306741
01196.png,0,20.0,19.629451256298342,20.370548743701654,1.2003967851574024,2025-07-24T21:47:50.545297
01197.png,0,20.0,19.74061587940884,20.259384120591157,1.2191961398951947,2025-07-24T21:47:50.775743
01198.png,0,20.0,19.818431115586186,20.181568884413807,1.222006564065672,2025-07-24T21:47:51.008285
01199.png,0,20.0,19.87290178091033,20.127098219089664,1.2209661664119997,2025-07-24T21:47:51.238610
01200.png,0,20.0,19.91103124663723,20.088968753362764,1.2179296148999472,2025-07-24T21:47:51.466430
01201.png,0,20.0,19.93772187264606,20.062278127353935,1.2127960026454307,2025-07-24T21:47:51.691160
01202.png,0,20.0,19.95640531085224,20.043594689147753,1.209114291095714,2025-07-24T21:47:51.908168
01203.png,0,20.0,19.969483717596567,20.030516282403426,1.2153186300743712,2025-07-24T21:47:52.123106
01204.png,0,20.0,19.978638602317595,20.021361397682398,1.2105041516551671,2025-07-24T21:47:52.354210
01205.png,0,20.0,19.985047021622314,20.01495297837768,1.2112423484604822,2025-07-24T21:47:52.572245
01206.png,0,20.0,19.98953291513562,20.010467084864374,1.205308647266475,2025-07-24T21:47:52.798743
01207.png,0,20.0,19.992673040594934,20.007326959405063,1.217045979935562,2025-07-24T21:47:53.018072
01208.png,0,20.0,19.994871128416452,20.005128871583544,1.2202274070553207,2025-07-24T21:47:53.245759
01209.png,1,20.0,24.496409789891516,15.503590210108479,1.2504239629467764,2025-07-24T21:47:53.473701
01210.png,0,20.0,23.14748685292406,16.852513147075936,1.2712236172613942,2025-07-24T21:47:53.690793
01211.png,1,20.0,26.703240797046842,13.296759202953154,1.3046078648365684,2025-07-24T21:47:53.910813
01212.png,1,20.0,29.19226855793279,10.807731442067208,1.3384288374054127,2025-07-24T21:47:54.142962
01213.png,0,20.0,26.434587990552952,13.565412009447044,1.349222498960932,2025-07-24T21:47:54.366066
01214.png,1,20.0,29.004211593387065,10.995788406612931,1.3829562412797605,2025-07-24T21:47:54.583700
01215.png,0,20.0,26.302948115370945,13.697051884629051,1.397605482500276,2025-07-24T21:47:54.804317
01216.png,0,20.0,24.412063680759662,15.587936319240335,1.3883473530918535,2025-07-24T21:47:55.029687
01217.png,0,20.0,23.088444576531764,16.911555423468233,1.376381003185477,2025-07-24T21:47:55.268565
01218.png,1,20.0,26.661911203572235,13.338088796427762,1.383503777348755,2025-07-24T21:47:55.482564
01219.png,1,20.0,29.163337842500564,10.836662157499433,1.4093187187450593,2025-07-24T21:47:55.697614
01220.png,1,20.0,30.914336489750394,9.085663510249603,1.4408703652342227,2025-07-24T21:47:55.935157
01221.png,1,20.0,32.140035542825274,7.859964457174722,1.4625882022246548,2025-07-24T21:47:56.167493
01222.png,1,20.0,32.99802487997769,7.001975120022305,1.4646238946600965,2025-07-24T21:47:56.377049
01223.png,1,20.0,33.59861741598438,6.401382584015613,1.483815620068379,2025-07-24T21:47:56.599982
01224.png,1,20.0,34.01903219118906,5.980967808810928,1.5050639182310384,2025-07-24T21:47:56.818764
01225.png,1,20.0,34.31332253383234,5.68667746616765,1.5422213583030642,2025-07-24T21:47:57.058870
01226.png,1,20.0,34.51932577368264,5.480674226317355,1.5660052963559556,2025-07-24T21:47:57.285803
01227.png,0,20.0,30.163528041577845,9.836471958422148,1.5667465245142125,2025-07-24T21:47:57.509113
01228.png,0,20.0,27.11446962910449,12.885530370895504,1.5403359734780149,2025-07-24T21:47:57.735394
01229.png,0,20.0,24.980128740373143,15.019871259626852,1.4365694603455064,2025-07-24T21:47:57.960223
01230.png,0,20.0,23.4860901182612,16.513909881738797,1.3562853481814166,2025-07-24T21:47:58.190630
01231.png,0,20.0,22.440263082782838,17.55973691721716,1.298347746770132,2025-07-24T21:47:58.419237
01232.png,0,20.0,21.708184157947986,18.29181584205201,1.2751990172037162,2025-07-24T21:47:58.647728
01233.png,0,20.0,21.195728910563588,18.804271089436405,1.2549409824080164,2025-07-24T21:47:58.868756
01234.png,0,20.0,20.83701023739451,19.162989762605484,1.2541504329313802,2025-07-24T21:47:59.099260
01235.png,0,20.0,20.585907166176156,19.414092833823837,1.2380166529548342,2025-07-24T21:47:59.324568
01236.png,0,20.0,20.41013501632331,19.589864983676684,1.2305278456513835,2025-07-24T21:47:59.552100
01237.png,0,20.0,20.287094511426318,19.71290548857368,1.2302335400388673,2025-07-24T21:47:59.776420
01238.png,0,20.0,20.200966157998423,19.799033842001574,1.2218101234101424,2025-07-24T21:48:00.003982
01239.png,0,20.0,20.140676310598895,19.8593236894011,1.21396074513843,2025-07-24T21:48:00.248850
01240.png,0,20.0,20.098473417419225,19.90152658258077,1.2122640946947751,2025-07-24T21:48:00.483545
01241.png,0,20.0,20.068931392193456,19.931068607806537,1.2180704737600785,2025-07-24T21:48:00.724203
01242.png,0,20.0,20.048251974535418,19.951748025464575,1.2160730820850438,2025-07-24T21:48:00.964385
01243.png,0,20.0,20.033776382174793,19.9662236178252,1.205757820212773,2025-07-24T21:48:01.193222
01244.png,0,20.0,20.023643467522355,19.976356532477638,1.210583501510178,2025-07-24T21:48:01.433897
01245.png,1,20.0,24.51655042726565,15.483449572734346,1.2581808433245822,2025-07-24T21:48:01.656802
01246.png,1,20.0,27.661585299085953,12.338414700914042,1.2770799084398679,2025-07-24T21:48:01.898511
01247.png,1,20.0,29.863109709360167,10.136890290639828,1.3305445238329376,2025-07-24T21:48:02.127181
01248.png,1,20.0,31.404176796552115,8.595823203447878,1.3636967404594822,2025-07-24T21:48:02.365268
01249.png,1,20.0,32.48292375758648,7.5170762424135145,1.4022285848650462,2025-07-24T21:48:02.592501
01250.png,1,20.0,33.238046630310535,6.76195336968946,1.4289873196091547,2025-07-24T21:48:02.848755
01251.png,0,20.0,29.266632641217374,10.733367358782623,1.4372501862318898,2025-07-24T21:48:03.090368
01252.png,0,20.0,26.48664284885216,13.513357151147837,1.4455985838556056,2025-07-24T21:48:03.338251
01253.png,0,20.0,24.54064999419651,15.459350005803485,1.4156984015875338,2025-07-24T21:48:03.563147
01254.png,0,20.0,23.178454995937557,16.821545004062436,1.376768995979181,2025-07-24T21:48:03.804102
01255.png,0,20.0,22.22491849715629,17.775081502843705,1.3287083492987903,2025-07-24T21:48:04.034987
01256.png,0,20.0,21.557442948009403,18.44255705199059,1.2855678786194578,2025-07-24T21:48:04.275448
01257.png,0,20.0,21.09021006360658,18.909789936393413,1.2572486104419742,2025-07-24T21:48:04.518464
01258.png,1,20.0,25.263147044524604,14.736852955475388,1.2822034949933026,2025-07-24T21:48:04.757070
01259.png,1,20.0,28.18420293116722,11.81579706883277,1.317875030942149,2025-07-24T21:48:04.982729
01260.png,1,20.0,30.228942051817054,9.77105794818294,1.349841265799996,2025-07-24T21:48:05.225801
01261.png,1,20.0,31.660259436271936,8.339740563728057,1.3999642326642667,2025-07-24T21:48:05.460624
01262.png,1,20.0,32.66218160539036,7.33781839460964,1.4225264172598853,2025-07-24T21:48:05.693588
01263.png,0,20.0,28.86352712377325,11.136472876226748,1.4560305488927412,2025-07-24T21:48:05.927674
01264.png,0,20.0,26.204468986641274,13.795531013358723,1.451318125734177,2025-07-24T21:48:06.155302
01265.png,0,20.0,24.34312829064889,15.656871709351105,1.4237155595439765,2025-07-24T21:48:06.395189
01266.png,0,20.0,23.040189803454222,16.959810196545774,1.3827381823873295,2025-07-24T21:48:06.621477
01267.png,0,20.0,22.128132862417953,17.871867137582043,1.3182910054711026,2025-07-24T21:48:06.869388
01268.png,1,20.0,25.989693003692565,14.01030699630743,1.347748057498686,2025-07-24T21:48:07.110364
01269.png,1,20.0,28.692785102584793,11.3072148974152,1.3654348441360145,2025-07-24T21:48:07.358975
01270.png,1,20.0,30.584949571809354,9.41505042819064,1.4037843994875232,2025-07-24T21:48:07.599665
01271.png,1,20.0,31.909464700266547,8.090535299733446,1.441913338209457,2025-07-24T21:48:07.831497
01272.png,1,20.0,32.83662529018658,7.163374709813412,1.4638301869781511,2025-07-24T21:48:08.073030
01273.png,1,20.0,33.48563770313061,6.514362296869388,1.4784285309571172,2025-07-24T21:48:08.313063
01274.png,1,20.0,33.93994639219142,6.060053607808571,1.490700403231423,2025-07-24T21:48:08.553537
01275.png,1,20.0,34.257962474534,5.742037525465999,1.5255517845184596,2025-07-24T21:48:08.792595
01276.png,1,20.0,34.480573732173795,5.5194262678262,1.5411450665917046,2025-07-24T21:48:09.028313
01277.png,1,20.0,34.63640161252165,5.363598387478339,1.5483248820673687,2025-07-24T21:48:09.264306
01278.png,1,20.0,34.74548112876516,5.254518871234836,1.5655569442020958,2025-07-24T21:48:09.498119
01279.png,1,20.0,34.821836790135606,5.178163209864385,1.5806071703289566,2025-07-24T21:48:09.728341
01280.png,1,20.0,34.87528575309492,5.12471424690507,1.594542019608746,2025-07-24T21:48:09.966228
01281.png,1,20.0,34.912700027166444,5.087299972833549,1.6205878850072126,2025-07-24T21:48:10.200304
01282.png,1,20.0,34.93889001901651,5.061109980983484,1.6418661439623305,2025-07-24T21:48:10.458190
01283.png,1,20.0,34.957223013311555,5.042776986688438,1.6321173948169907,2025-07-24T21:48:10.707609
01284.png,1,20.0,34.97005610931809,5.029943890681906,1.6453781189455012,2025-07-24T21:48:10.959846
01285.png,0,20.0,30.47903927652266,9.520960723477334,1.639811740273765,2025-07-24T21:48:11.201058
01286.png,0,20.0,27.33532749356586,12.664672506434133,1.5350391916950141,2025-07-24T21:48:11.448510
01287.png,0,20.0,25.1347292454961,14.865270754503893,1.4298419606292199,2025-07-24T21:48:11.681835
01288.png,0,20.0,23.59431047184727,16.405689528152724,1.3300436292128945,2025-07-24T21:48:11.906339
01289.png,0,20.0,22.51601733029309,17.483982669706904,1.2622336506766307,2025-07-24T21:48:12.151177
01290.png,0,20.0,21.761212131205163,18.23878786879483,1.2577572329632454,2025-07-24T21:48:12.369093
01291.png,0,20.0,21.232848491843612,18.76715150815638,1.2385692637669616,2025-07-24T21:48:12.595695
01292.png,0,20.0,20.86299394429053,19.137006055709467,1.2133252033721214,2025-07-24T21:48:12.841843
01293.png,0,20.0,20.60409576100337,19.39590423899663,1.2370784378447581,2025-07-24T21:48:13.073615
01294.png,0,20.0,20.422867032702356,19.57713296729764,1.2248690807887588,2025-07-24T21:48:13.304832
01295.png,0,20.0,20.29600692289165,19.703993077108347,1.2231906372503358,2025-07-24T21:48:13.527243
01296.png,-1,20.0,15.707204846024153,24.29279515397584,1.1839959263588749,2025-07-24T21:48:13.758815
01297.png,-1,20.0,12.495043392216907,27.50495660778309,1.177260248328521,2025-07-24T21:48:13.996824
01298.png,-1,20.0,10.246530374551835,29.75346962544816,1.1963017722443408,2025-07-24T21:48:14.220270
01299.png,-1,20.0,8.672571262186285,31.32742873781371,1.2352072356029855,2025-07-24T21:48:14.436144
01300.png,0,20.0,12.070799883530398,27.929200116469598,1.247011658281143,2025-07-24T21:48:14.655708
01301.png,0,20.0,14.449559918471278,25.550440081528716,1.2265220207490286,2025-07-24T21:48:14.872782
01302.png,1,20.0,20.614691942929895,19.3853080570701,1.2007765491684554,2025-07-24T21:48:15.085665
01303.png,1,20.0,24.930284360050926,15.06971563994907,1.2336691319760988,2025-07-24T21:48:15.302372
01304.png,1,20.0,27.951199052035648,12.048800947964349,1.2868341365715223,2025-07-24T21:48:15.531584
01305.png,1,20.0,30.06583933642495,9.934160663575044,1.309383456672983,2025-07-24T21:48:15.744907
01306.png,1,20.0,31.546087535497463,8.45391246450253,1.3635546387990365,2025-07-24T21:48:15.958317
01307.png,1,20.0,32.58226127484822,7.417738725151771,1.3902189660784823,2025-07-24T21:48:16.193446
01308.png,1,20.0,33.307582892393754,6.692417107606239,1.4176207744058653,2025-07-24T21:48:16.421702
01309.png,1,20.0,33.81530802467563,6.184691975324367,1.4480916438121159,2025-07-24T21:48:16.639993
01310.png,1,20.0,34.17071561727294,5.829284382727057,1.4574471062575354,2025-07-24T21:48:16.847037
01311.png,0,20.0,29.919500932091058,10.080499067908939,1.472076241245498,2025-07-24T21:48:17.074383
01312.png,0,20.0,26.943650652463738,13.056349347536257,1.4656552525303146,2025-07-24T21:48:17.292530
01313.png,0,20.0,24.860555456724615,15.13944454327538,1.4242252008793825,2025-07-24T21:48:17.522949
01314.png,0,20.0,23.40238881970723,16.597611180292766,1.3713954414450114,2025-07-24T21:48:17.742883
01315.png,0,20.0,22.38167217379506,17.618327826204936,1.3313644454509697,2025-07-24T21:48:17.967727
01316.png,0,20.0,21.66717052165654,18.332829478343456,1.2929872580955122,2025-07-24T21:48:18.195950
01317.png,0,20.0,21.167019365159575,18.832980634840418,1.2654606688142926,2025-07-24T21:48:18.438801
01318.png,0,20.0,20.816913555611702,19.18308644438829,1.2472501755425782,2025-07-24T21:48:18.675630
01319.png,0,20.0,20.57183948892819,19.428160511071802,1.2290899413963992,2025-07-24T21:48:18.915649
01320.png,0,20.0,20.400287642249733,19.59971235775026,1.2231652216015088,2025-07-24T21:48:19.149293
01321.png,0,20.0,20.28020134957481,19.719798650425183,1.2161553201842952,2025-07-24T21:48:19.371233
01322.png,0,20.0,20.196140944702364,19.80385905529763,1.2176028359515343,2025-07-24T21:48:19.610234
01323.png,1,20.0,24.637298661291652,15.362701338708339,1.2324506512187816,2025-07-24T21:48:19.854483
01324.png,0,20.0,23.246109062904154,16.75389093709584,1.2769572051884828,2025-07-24T21:48:20.089656
01325.png,0,20.0,22.272276344032907,17.727723655967086,1.2900586417589817,2025-07-24T21:48:20.349073
01326.png,0,20.0,21.590593440823035,18.409406559176958,1.2813719305966402,2025-07-24T21:48:20.580942
01327.png,0,20.0,21.113415408576124,18.88658459142387,1.2503496520233106,2025-07-24T21:48:20.841507
01328.png,0,20.0,20.779390786003283,19.22060921399671,1.231677139007224,2025-07-24T21:48:21.115281
01329.png,1,20.0,25.0455735502023,14.954426449797696,1.2591788577294112,2025-07-24T21:48:21.383752
01330.png,1,20.0,28.031901485141606,11.968098514858386,1.3153373231240364,2025-07-24T21:48:21.652922
01331.png,0,20.0,25.622331039599125,14.37766896040087,1.3233810673750728,2025-07-24T21:48:21.933102
01332.png,0,20.0,23.935631727719386,16.06436827228061,1.340231984385461,2025-07-24T21:48:22.215244
01333.png,0,20.0,22.75494220940357,17.245057790596427,1.3388247835370932,2025-07-24T21:48:22.495918
01334.png,0,20.0,21.9284595465825,18.071540453417498,1.3057955327744646,2025-07-24T21:48:22.790232
01335.png,0,20.0,21.34992168260775,18.65007831739225,1.2834598310501832,2025-07-24T21:48:23.052908
01336.png,0,20.0,20.944945177825424,19.055054822174576,1.2586431665172817,2025-07-24T21:48:23.323163
01337.png,0,20.0,20.661461624477795,19.3385383755222,1.2466707669670154,2025-07-24T21:48:23.598933
01338.png,1,20.0,24.963023137134456,15.03697686286554,1.2737180159869823,2025-07-24T21:48:23.865322
01339.png,0,20.0,23.474116195994117,16.52588380400588,1.3006271110364591,2025-07-24T21:48:24.148748
01340.png,0,20.0,22.431881337195883,17.568118662804114,1.3092800073543036,2025-07-24T21:48:24.426860
01341.png,0,20.0,21.702316936037114,18.29768306396288,1.2921393606339662,2025-07-24T21:48:24.696192
01342.png,0,20.0,21.19162185522598,18.808378144774014,1.2620151922129879,2025-07-24T21:48:24.973347
01343.png,0,20.0,20.834135298658182,19.16586470134181,1.2500906522908541,2025-07-24T21:48:25.239362
01344.png,0,20.0,20.58389470906073,19.416105290939267,1.2312386066630436,2025-07-24T21:48:25.504256
01345.png,0,20.0,20.408726296342508,19.591273703657485,1.2369592899352413,2025-07-24T21:48:25.773294
01346.png,0,20.0,20.286108407439755,19.713891592560238,1.216350484978938,2025-07-24T21:48:26.042133
01347.png,0,20.0,20.20027588520783,19.799724114792166,1.2059841565641412,2025-07-24T21:48:26.337932
01348.png,0,20.0,20.14019311964548,19.859806880354515,1.2080825966834037,2025-07-24T21:48:26.632710
01349.png,1,20.0,24.598135183751836,15.40186481624816,1.2465946324234378,2025-07-24T21:48:26.909100
01350.png,0,20.0,23.218694628626285,16.781305371373712,1.2572025630022194,2025-07-24T21:48:27.189703
01351.png,0,20.0,22.2530862400384,17.746913759961597,1.2661941485423935,2025-07-24T21:48:27.465866
01352.png,0,20.0,21.57716036802688,18.42283963197312,1.2603653251928015,2025-07-24T21:48:27.745543
01353.png,0,20.0,21.104012257618816,18.89598774238118,1.2445451143685164,2025-07-24T21:48:28.029629
01354.png,0,20.0,20.77280858033317,19.227191419666823,1.2403493993861865,2025-07-24T21:48:28.308693
01355.png,0,20.0,20.54096600623322,19.459033993766774,1.2304045344760506,2025-07-24T21:48:28.586028
01356.png,0,20.0,20.378676204363252,19.62132379563674,1.2178659474161913,2025-07-24T21:48:28.874722
01357.png,0,20.0,20.265073343054276,19.734926656945717,1.233173325461384,2025-07-24T21:48:29.158168
01358.png,0,20.0,20.18555134013799,19.814448659862002,1.2173107568877748,2025-07-24T21:48:29.430847
01359.png,0,20.0,20.129885938096592,19.8701140619034,1.2004014762308919,2025-07-24T21:48:29.710959
01360.png,0,20.0,20.090920156667615,19.90907984333238,1.2142590520666294,2025-07-24T21:48:29.987032
01361.png,0,20.0,20.06364410966733,19.936355890332663,1.2208382062215815,2025-07-24T21:48:30.254290
01362.png,0,20.0,20.04455087676713,19.955449123232864,1.217571775633849,2025-07-24T21:48:30.537256
01363.png,0,20.0,20.031185613736987,19.968814386263006,1.2191855087681711,2025-07-24T21:48:30.813865
01364.png,0,20.0,20.02182992961589,19.978170070384103,1.2120584488203763,2025-07-24T21:48:31.086646
01365.png,0,20.0,20.015280950731125,19.98471904926887,1.2166739542489573,2025-07-24T21:48:31.360485
01366.png,0,20.0,20.010696665511787,19.98930333448821,1.2128976003204752,2025-07-24T21:48:31.626390
01367.png,0,20.0,20.00748766585825,19.992512334141743,1.2094667209754704,2025-07-24T21:48:31.882069
01368.png,0,20.0,20.005241366100776,19.99475863389922,1.2102030004282647,2025-07-24T21:48:32.159917
01369.png,0,20.0,20.003668956270545,19.996331043729455,1.2146152353534094,2025-07-24T21:48:32.443320
01370.png,0,20.0,20.00256826938938,19.997431730610618,1.1989021384791685,2025-07-24T21:48:32.723169
01371.png,0,20.0,20.001797788572564,19.998202211427433,1.2111552817957663,2025-07-24T21:48:32.991975
01372.png,0,20.0,20.001258452000794,19.998741547999202,1.211074400341162,2025-07-24T21:48:33.287793
01373.png,0,20.0,20.000880916400554,19.99911908359944,1.2296707678732157,2025-07-24T21:48:33.573678
01374.png,0,20.0,20.000616641480384,19.99938335851961,1.2145836721179892,2025-07-24T21:48:33.844114
01375.png,0,20.0,20.000431649036265,19.999568350963727,1.2132117342071849,2025-07-24T21:48:34.115172
01376.png,0,20.0,20.000302154325382,19.99969784567461,1.219740062748313,2025-07-24T21:48:34.378770
01377.png,0,20.0,20.000211508027768,19.999788491972225,1.222884746703537,2025-07-24T21:48:34.650610
01378.png,0,20.0,20.000148055619434,19.99985194438056,1.2173202525332871,2025-07-24T21:48:34.927392
01379.png,0,20.0,20.000103638933602,19.99989636106639,1.2150216660982316,2025-07-24T21:48:35.204688
01380.png,1,20.0,24.50007254725352,15.499927452746473,1.2495615036970495,2025-07-24T21:48:35.458003
01381.png,0,20.0,23.150050783077464,16.849949216922532,1.279557133065097,2025-07-24T21:48:35.727502
01382.png,0,20.0,22.205035548154225,17.79496445184577,1.2901579848916154,2025-07-24T21:48:35.988771
01383.png,0,20.0,21.543524883707956,18.45647511629204,1.2744584389770826,2025-07-24T21:48:36.259322
01384.png,0,20.0,21.080467418595568,18.919532581404425,1.2579748352723534,2025-07-24T21:48:36.524460
01385.png,0,20.0,20.756327193016894,19.2436728069831,1.2513289442921447,2025-07-24T21:48:36.799367
01386.png,0,20.0,20.529429035111825,19.470570964888168,1.2318374257519682,2025-07-24T21:48:37.056757
01387.png,0,20.0,20.370600324578277,19.629399675421716,1.218625233165592,2025-07-24T21:48:37.328785
01388.png,0,20.0,20.259420227204792,19.7405797727952,1.2309440512623244,2025-07-24T21:48:37.606941
01389.png,0,20.0,20.181594159043353,19.81840584095664,1.2112779418885928,2025-07-24T21:48:37.871543
01390.png,0,20.0,20.127115911330346,19.872884088669647,1.2168507057262041,2025-07-24T21:48:38.123198
01391.png,0,20.0,20.088981137931242,19.91101886206875,1.2100023508585405,2025-07-24T21:48:38.378597
01392.png,0,20.0,20.062286796551867,19.937713203448126,1.2248702663012965,2025-07-24T21:48:38.648468
01393.png,0,20.0,20.043600757586304,19.95639924241369,1.2177937799715974,2025-07-24T21:48:38.910695
01394.png,0,20.0,20.03052053031041,19.96947946968958,1.2066404499208998,2025-07-24T21:48:39.171313
01395.png,0,20.0,20.021364371217288,19.978635628782705,1.2049743753518527,2025-07-24T21:48:39.431347
01396.png,0,20.0,20.0149550598521,19.985044940147894,1.2091056916086564,2025-07-24T21:48:39.700234
01397.png,0,20.0,20.01046854189647,19.989531458103524,1.2091976945466176,2025-07-24T21:48:39.966258
01398.png,0,20.0,20.007327979327528,19.992672020672465,1.229538448159935,2025-07-24T21:48:40.232181
01399.png,0,20.0,20.005129585529268,19.994870414470725,1.2218084170974763,2025-07-24T21:48:40.501666
01400.png,0,20.0,20.003590709870487,19.996409290129506,1.2201487094364005,2025-07-24T21:48:40.766260
01401.png,0,20.0,20.002513496909337,19.997486503090656,1.216864631905992,2025-07-24T21:48:41.018790
01402.png,0,20.0,20.001759447836534,19.99824055216346,1.2184504441742614,2025-07-24T21:48:41.280997
01403.png,0,20.0,20.001231613485572,19.99876838651442,1.2153212603936328,2025-07-24T21:48:41.552694
01404.png,0,20.0,20.000862129439902,19.999137870560094,1.2218464849908346,2025-07-24T21:48:41.807888
01405.png,0,20.0,20.00060349060793,19.999396509392064,1.2097862601105855,2025-07-24T21:48:42.088005
01406.png,0,20.0,20.00042244342555,19.999577556574444,1.2177556580023594,2025-07-24T21:48:42.354520
01407.png,0,20.0,20.000295710397886,19.99970428960211,1.224504580658837,2025-07-24T21:48:42.612992
01408.png,0,20.0,20.000206997278518,19.999793002721475,1.2161910643933809,2025-07-24T21:48:42.900617
01409.png,0,20.0,20.00014489809496,19.999855101905034,1.2154613455148788,2025-07-24T21:48:43.177194
01410.png,0,20.0,20.00010142866647,19.999898571333524,1.2236617222266883,2025-07-24T21:48:43.461903
01411.png,0,20.0,20.000071000066526,19.999928999933466,1.215586618193177,2025-07-24T21:48:43.730795
01412.png,0,20.0,20.000049700046567,19.999950299953426,1.2190230209844668,2025-07-24T21:48:43.978233
01413.png,0,20.0,20.000034790032593,19.9999652099674,1.2146224436371,2025-07-24T21:48:44.231650
01414.png,0,20.0,20.000024353022816,19.999975646977177,1.215907249790795,2025-07-24T21:48:44.486785
01415.png,0,20.0,20.000017047115968,19.999982952884025,1.221705166805535,2025-07-24T21:48:44.757777
01416.png,0,20.0,20.000011932981174,19.99998806701882,1.2171093617550346,2025-07-24T21:48:45.016640
01417.png,0,20.0,20.00000835308682,19.999991646913173,1.210172295291953,2025-07-24T21:48:45.275283
01418.png,0,20.0,20.00000584716077,19.99999415283922,1.2188157635244954,2025-07-24T21:48:45.530435
01419.png,1,20.0,24.50000409301254,15.499995906987454,1.23079562208698,2025-07-24T21:48:45.790075
01420.png,0,20.0,23.150002865108775,16.84999713489122,1.2520943498775514,2025-07-24T21:48:46.044061
01421.png,0,20.0,22.20500200557614,17.794997994423852,1.2779538172754588,2025-07-24T21:48:46.298418
01422.png,1,20.0,26.0435014039033,13.956498596096695,1.302497364394089,2025-07-24T21:48:46.551391
01423.png,0,20.0,24.230450982732307,15.769549017267686,1.3224922453958194,2025-07-24T21:48:46.811613
01424.png,0,20.0,22.961315687912613,17.03868431208738,1.312831477667819,2025-07-24T21:48:47.060022
01425.png,1,20.0,26.57292098153883,13.427079018461166,1.332757695233708,2025-07-24T21:48:47.303633
01426.png,0,20.0,24.601044687077177,15.398955312922816,1.3481783175175215,2025-07-24T21:48:47.553967
01427.png,0,20.0,23.220731280954023,16.77926871904597,1.3399414830201024,2025-07-24T21:48:47.805003
01428.png,0,20.0,22.254511896667815,17.74548810333218,1.322074155850021,2025-07-24T21:48:48.060881
01429.png,0,20.0,21.578158327667467,18.421841672332526,1.273764015371397,2025-07-24T21:48:48.316201
01430.png,0,20.0,21.104710829367228,18.89528917063277,1.2725129280899352,2025-07-24T21:48:48.566545
01431.png,0,20.0,20.773297580557056,19.226702419442937,1.242760798600583,2025-07-24T21:48:48.804224
01432.png,-1,20.0,16.041308306389936,23.958691693610056,1.2269723618543542,2025-07-24T21:48:49.058619
01433.png,0,20.0,17.228915814472956,22.771084185527037,1.1976328507474552,2025-07-24T21:48:49.301780
01434.png,0,20.0,18.06024107013107,21.939758929868923,1.1907308204980307,2025-07-24T21:48:49.555854
01435.png,0,20.0,18.64216874909175,21.357831250908244,1.1759389239205191,2025-07-24T21:48:49.807910
01436.png,0,20.0,19.049518124364223,20.95048187563577,1.1848522328300728,2025-07-24T21:48:50.050550
01437.png,0,20.0,19.334662687054955,20.665337312945038,1.1996976194137847,2025-07-24T21:48:50.304844
01438.png,0,20.0,19.534263880938468,20.465736119061525,1.1992001822747869,2025-07-24T21:48:50.553768
01439.png,0,20.0,19.673984716656925,20.326015283343068,1.2221922334188766,2025-07-24T21:48:50.805405
01440.png,0,20.0,19.771789301659847,20.22821069834015,1.2176288499896943,2025-07-24T21:48:51.046287
01441.png,0,20.0,19.840252511161893,20.159747488838104,1.2119798193161229,2025-07-24T21:48:51.291468
01442.png,0,20.0,19.888176757813326,20.111823242186674,1.2236870689697863,2025-07-24T21:48:51.530604
01443.png,0,20.0,19.921723730469328,20.07827626953067,1.2117937321341543,2025-07-24T21:48:51.780312
01444.png,0,20.0,19.94520661132853,20.054793388671467,1.212507527019121,2025-07-24T21:48:52.020802
01445.png,0,20.0,19.96164462792997,20.038355372070026,1.2165349797478957,2025-07-24T21:48:52.286436
01446.png,0,20.0,19.97315123955098,20.026848760449017,1.218724400960872,2025-07-24T21:48:52.542011
01447.png,0,20.0,19.981205867685684,20.018794132314312,1.2162212826244707,2025-07-24T21:48:52.781261
01448.png,0,20.0,19.98684410737998,20.01315589262002,1.2183027173236038,2025-07-24T21:48:53.027009
01449.png,0,20.0,19.990790875165985,20.009209124834015,1.2184308664095795,2025-07-24T21:48:53.303501
01450.png,0,20.0,19.99355361261619,20.00644638738381,1.2196149758286305,2025-07-24T21:48:53.549543
01451.png,0,20.0,19.995487528831333,20.004512471168667,1.2068147534005162,2025-07-24T21:48:53.795280
01452.png,0,20.0,19.996841270181932,20.003158729818068,1.2147330045373177,2025-07-24T21:48:54.034305
01453.png,0,20.0,19.99778888912735,20.002211110872647,1.2180379793953422,2025-07-24T21:48:54.273202
01454.png,0,20.0,19.998452222389144,20.001547777610853,1.219411317000744,2025-07-24T21:48:54.502802
01455.png,0,20.0,19.998916555672402,20.001083444327598,1.2096298087228996,2025-07-24T21:48:54.742174
01456.png,0,20.0,19.99924158897068,20.000758411029317,1.2176748285401082,2025-07-24T21:48:54.998877
01457.png,0,20.0,19.999469112279478,20.000530887720522,1.2187067420947784,2025-07-24T21:48:55.250883
01458.png,0,20.0,19.999628378595634,20.000371621404362,1.2096456603251082,2025-07-24T21:48:55.506123
01459.png,0,20.0,19.99973986501694,20.00026013498305,1.2266201846792117,2025-07-24T21:48:55.745829
01460.png,0,20.0,19.999817905511858,20.000182094488135,1.2146138254531027,2025-07-24T21:48:55.980565
01461.png,0,20.0,19.9998725338583,20.00012746614169,1.2275845321651238,2025-07-24T21:48:56.236965
01462.png,0,20.0,19.99991077370081,20.00008922629918,1.2114945858581747,2025-07-24T21:48:56.479794
01463.png,0,20.0,19.99993754159057,20.000062458409424,1.214968176295573,2025-07-24T21:48:56.699654
01464.png,0,20.0,19.9999562791134,20.000043720886595,1.2146435042158386,2025-07-24T21:48:56.944473
01465.png,0,20.0,19.999969395379377,20.000030604620616,1.213081386876727,2025-07-24T21:48:57.183270
01466.png,0,20.0,19.999978576765564,20.00002142323443,1.212918158325522,2025-07-24T21:48:57.423371
01467.png,0,20.0,19.999985003735894,20.0000149962641,1.2282069166150646,2025-07-24T21:48:57.666475
01468.png,0,20.0,19.999989502615126,20.00001049738487,1.2107541190730857,2025-07-24T21:48:57.909425
01469.png,0,20.0,19.99999265183059,20.000007348169408,1.2133055493158575,2025-07-24T21:48:58.145663
01470.png,0,20.0,19.99999485628141,20.000005143718585,1.2135429517116174,2025-07-24T21:48:58.374044
01471.png,0,20.0,19.999996399396988,20.00000360060301,1.2166387712927726,2025-07-24T21:48:58.628823
01472.png,0,20.0,19.999997479577893,20.000002520422107,1.2282422197223226,2025-07-24T21:48:58.856864
01473.png,0,20.0,19.999998235704524,20.000001764295476,1.2067334063619461,2025-07-24T21:48:59.078339
01474.png,0,20.0,19.999998764993165,20.000001235006835,1.2127508770645865,2025-07-24T21:48:59.323697
01475.png,0,20.0,19.999999135495216,20.000000864504784,1.208506849189824,2025-07-24T21:48:59.542212
01476.png,0,20.0,19.99999939484665,20.000000605153346,1.2140647956547623,2025-07-24T21:48:59.756487
01477.png,0,20.0,19.999999576392653,20.00000042360734,1.2137933062089254,2025-07-24T21:48:59.983469
01478.png,0,20.0,19.999999703474856,20.000000296525137,1.2169329584370678,2025-07-24T21:49:00.197126
01479.png,0,20.0,19.999999792432398,20.000000207567595,1.2176702967270703,2025-07-24T21:49:00.416369
01480.png,0,20.0,19.99999985470268,20.000000145297314,1.2148818021117394,2025-07-24T21:49:00.644778
01481.png,0,0.0,13.999999898291875,14.00000010170812,1.0235138754041924,2025-07-24T21:49:00.871344
01482.png,0,0.0,9.799999928804311,9.800000071195683,0.7775272998393951,2025-07-24T21:49:01.117435
01483.png,0,0.0,6.859999950163018,6.8600000498369775,0.5211577040025227,2025-07-24T21:49:01.359303
01484.png,0,0.0,4.8019999651141125,4.802000034885884,0.3070429902056229,2025-07-24T21:49:01.595688
01485.png,0,0.0,3.3613999755798787,3.3614000244201185,0.20250618818266478,2025-07-24T21:49:01.837413
01486.png,0,0.0,0.42068183617839483,1.065894996021856,0.026544461872200782,2025-07-24T21:49:30.396253
01487.png,0,0.0,0.2944772853248764,0.7461264972152991,0.017935889030891293,2025-07-24T21:49:30.664684
01488.png,0,0.0,0.20613409972741345,0.5222885480507093,0.013183708374680558,2025-07-24T21:49:30.935826
01489.png,0,20.0,6.144293869809189,6.3656019836354965,0.21010843993409573,2025-07-24T21:49:31.203687
01490.png,0,20.0,10.301005708866432,10.455921388544848,0.4435071464191254,2025-07-24T21:49:31.464519
01491.png,0,20.0,13.210703996206501,13.319144971981393,0.6693058840503996,2025-07-24T21:49:31.730457
01492.png,0,20.0,15.24749279734455,15.323401480386975,0.8807667406846647,2025-07-24T21:49:31.996824
01493.png,0,20.0,16.673244958141183,16.72638103627088,1.0110062290788182,2025-07-24T21:49:32.262188
01494.png,0,20.0,17.671271470698827,17.708466725389613,1.0708824190410922,2025-07-24T21:49:32.522431
01495.png,0,20.0,18.369890029489177,18.39592670777273,1.1151364945797124,2025-07-24T21:49:32.786305
01496.png,0,20.0,18.858923020642422,18.87714869544091,1.130077343126755,2025-07-24T21:49:33.051775
01497.png,0,20.0,19.201246114449695,19.214004086808636,1.1712748975562328,2025-07-24T21:49:33.304954
01498.png,0,20.0,19.440872280114785,19.449802860766045,1.1816329220975532,2025-07-24T21:49:33.571468
01499.png,0,20.0,19.608610596080347,19.61486200253623,1.1964005705055332,2025-07-24T21:49:33.838811
01500.png,0,20.0,19.72602741725624,19.730403401775362,1.191740573251385,2025-07-24T21:49:34.106097
01501.png,0,20.0,19.808219192079367,19.811282381242755,1.1865052200481905,2025-07-24T21:49:34.375240
01502.png,0,20.0,19.865753434455556,19.86789766686993,1.2035554369350832,2025-07-24T21:49:34.652987
01503.png,0,20.0,19.906027404118888,19.90752836680895,1.199797686460703,2025-07-24T21:49:34.907651
01504.png,0,20.0,19.93421918288322,19.935269856766265,1.2000994279105746,2025-07-24T21:49:35.170795
01505.png,0,20.0,19.953953428018252,19.954688899736382,1.2221530156517297,2025-07-24T21:49:35.423911
01506.png,0,20.0,19.967767399612775,19.968282229815465,1.219616185428548,2025-07-24T21:49:35.690651
01507.png,0,20.0,19.97743717972894,19.977797560870826,1.2217618264576016,2025-07-24T21:49:35.959963
01508.png,0,20.0,19.98420602581026,19.984458292609578,1.208225615039073,2025-07-24T21:49:36.210554
01509.png,0,20.0,19.988944218067182,19.989120804826705,1.2038406712051175,2025-07-24T21:49:36.469433
01510.png,0,20.0,19.992260952647026,19.992384563378693,1.2087665222652686,2025-07-24T21:49:36.739614
01511.png,0,20.0,19.994582666852917,19.994669194365084,1.2231420314911718,2025-07-24T21:49:36.998638
01512.png,0,20.0,19.996207866797043,19.99626843605556,1.2216068232299728,2025-07-24T21:49:37.273058
01513.png,0,20.0,19.99734550675793,19.997387905238888,1.2088723922493665,2025-07-24T21:49:37.532707
01514.png,0,20.0,19.99814185473055,19.99817153366722,1.219562904234204,2025-07-24T21:49:37.782753
01515.png,0,20.0,19.998699298311386,19.998720073567057,1.2210904674173357,2025-07-24T21:49:38.037439
01516.png,0,20.0,19.99908950881797,19.99910405149694,1.2235312297370735,2025-07-24T21:49:38.292273
01517.png,0,20.0,19.99936265617258,19.999372836047854,1.214142138284261,2025-07-24T21:49:38.545534
01518.png,-1,20.0,15.499553859320805,24.499560985233497,1.1961588085203094,2025-07-24T21:49:38.799222
01519.png,0,20.0,16.849687701524562,23.149692689663446,1.173534626618623,2025-07-24T21:49:39.064702
01520.png,0,20.0,17.794781391067193,22.20478488276441,1.1822753156273151,2025-07-24T21:49:39.332205
01521.png,0,20.0,18.456346973747035,21.543349417935087,1.1532881812778637,2025-07-24T21:49:39.584818
01522.png,0,20.0,18.919442881622924,21.08034459255456,1.1683413455093006,2025-07-24T21:49:39.838544
01523.png,0,20.0,19.243610017136046,20.75624121478819,1.1983976872786994,2025-07-24T21:49:40.092583
01524.png,0,20.0,19.47052701199523,20.52936885035173,1.1971953001469158,2025-07-24T21:49:40.351726
01525.png,0,20.0,19.62936890839666,20.37055819524621,1.1949776267511607,2025-07-24T21:49:40.611215
01526.png,0,20.0,19.740558235877664,20.259390736672344,1.2013557587835437,2025-07-24T21:49:40.868815
01527.png,0,20.0,19.818390765114366,20.181573515670642,1.2080556751908422,2025-07-24T21:49:41.118075
01528.png,0,20.0,19.872873535580055,20.12710146096945,1.2025574745793113,2025-07-24T21:49:41.373156
01529.png,0,20.0,19.91101147490604,20.088971022678614,1.2198173580495622,2025-07-24T21:49:41.646804
01530.png,0,20.0,19.937708032434227,20.06227971587503,1.2227285212662384,2025-07-24T21:49:41.907290
01531.png,0,20.0,19.95639562270396,20.043595801112517,1.2249193651053796,2025-07-24T21:49:42.174859
01532.png,0,20.0,19.96947693589277,20.030517060778763,1.2163433699131603,2025-07-24T21:49:42.433593
01533.png,0,20.0,19.97863385512494,20.021361942545134,1.1958988914707296,2025-07-24T21:49:42.696220
01534.png,0,20.0,19.985043698587457,20.014953359781593,1.2112898924743696,2025-07-24T21:49:42.964934
01535.png,0,20.0,19.989530589011217,20.01046735184711,1.2019376321678208,2025-07-24T21:49:43.228149
01536.png,0,20.0,19.99267141230785,20.00732714629298,1.21474260897335,2025-07-24T21:49:43.485895
01537.png,0,20.0,19.994869988615495,20.005129002405084,1.2148042764268632,2025-07-24T21:49:43.748112
01538.png,0,20.0,19.996408992030844,20.00359030168356,1.217591441100511,2025-07-24T21:49:44.011064
01539.png,0,20.0,19.99748629442159,20.00251321117849,1.2089892057311036,2025-07-24T21:49:44.270274
01540.png,0,20.0,19.998240406095114,20.001759247824943,1.2078568556735905,2025-07-24T21:49:44.534965
01541.png,0,20.0,19.99876828426658,20.00123147347746,1.218461848721456,2025-07-24T21:49:44.787126
01542.png,0,20.0,19.999137798986602,20.000862031434224,1.2279557980327775,2025-07-24T21:49:45.044898
01543.png,0,20.0,19.999396459290622,20.000603422003955,1.2124565550009099,2025-07-24T21:49:45.297669
01544.png,0,20.0,19.999577521503433,20.000422395402765,1.2198703331436338,2025-07-24T21:49:45.549597
01545.png,0,20.0,19.9997042650524,20.000295676781935,1.213544351439288,2025-07-24T21:49:45.814759
01546.png,0,20.0,19.99979298553668,20.000206973747353,1.2075157277655384,2025-07-24T21:49:46.071902
01547.png,0,20.0,19.999855089875673,20.000144881623147,1.2166349768780025,2025-07-24T21:49:46.323034
01548.png,0,20.0,19.99989856291297,20.0001014171362,1.2126307715928117,2025-07-24T21:49:46.585797
01549.png,0,20.0,19.99992899403908,20.000070991995337,1.2038652488349157,2025-07-24T21:49:46.845443
01550.png,0,20.0,19.999950295827354,20.000049694396736,1.2039343198298043,2025-07-24T21:49:47.102052
01551.png,0,20.0,19.999965207079146,20.000034786077713,1.216215493934611,2025-07-24T21:49:47.359801
01552.png,0,20.0,19.999975644955402,20.0000243502544,1.2186876488098757,2025-07-24T21:49:47.619931
01553.png,0,20.0,19.99998295146878,20.000017045178076,1.2003768907433254,2025-07-24T21:49:47.869211
01554.png,0,20.0,19.999988066028145,20.000011931624652,1.2067056213629435,2025-07-24T21:49:48.122085
01555.png,0,20.0,19.9999916462197,20.000008352137257,1.2143825665693888,2025-07-24T21:49:48.373768
01556.png,0,20.0,19.999994152353793,20.00000584649608,1.2019046702314384,2025-07-24T21:49:48.627525
01557.png,0,20.0,19.999995906647655,20.000004092547258,1.2175710419790835,2025-07-24T21:49:48.869536
01558.png,0,20.0,19.999997134653356,20.000002864783077,1.2160615312525214,2025-07-24T21:49:49.124043
01559.png,0,20.0,19.99999799425735,20.00000200534815,1.2130224395500795,2025-07-24T21:49:49.376678
01560.png,0,20.0,19.999998595980145,20.000001403743703,1.209234836477733,2025-07-24T21:49:49.630226
01561.png,0,20.0,19.9999990171861,20.00000098262059,1.2185863345183037,2025-07-24T21:49:49.883763
01562.png,0,20.0,19.99999931203027,20.000000687834415,1.2136183034977375,2025-07-24T21:49:50.133931
01563.png,0,20.0,19.999999518421188,20.00000048148409,1.20781926246989,2025-07-24T21:49:50.388997
01564.png,0,20.0,19.99999966289483,20.000000337038863,1.2174574799161886,2025-07-24T21:49:50.646307
01565.png,0,20.0,19.99999976402638,20.000000235927203,1.2116099452729854,2025-07-24T21:49:50.898760
01566.png,0,20.0,19.999999834818468,20.00000016514904,1.2165050399433115,2025-07-24T21:49:51.151301
01567.png,0,20.0,19.999999884372926,20.000000115604326,1.2006323363409097,2025-07-24T21:49:51.403612
01568.png,0,20.0,19.999999919061047,20.000000080923027,1.2141149523746457,2025-07-24T21:49:51.646249
01569.png,-1,20.0,15.499999943342733,24.500000056646115,1.1853325075186731,2025-07-24T21:49:51.899524
01570.png,-1,20.0,12.349999960339913,27.65000003965228,1.1951157033430229,2025-07-24T21:49:52.149252
01571.png,0,20.0,14.644999972237938,25.355000027756596,1.1988896168853724,2025-07-24T21:49:52.404463
01572.png,0,20.0,16.251499980566557,23.748500019429617,1.1792191584983873,2025-07-24T21:49:52.656884
01573.png,0,20.0,17.376049986396588,22.62395001360073,1.1563899376984768,2025-07-24T21:49:52.913066
01574.png,0,20.0,18.163234990477612,21.836765009520512,1.1442222174178314,2025-07-24T21:49:53.164495
01575.png,0,20.0,18.714264493334326,21.28573550666436,1.1622127215635791,2025-07-24T21:49:53.417567
01576.png,0,20.0,19.099985145334028,20.900014854665052,1.167865953897586,2025-07-24T21:49:53.659390
01577.png,0,20.0,19.36998960173382,20.630010398265533,1.184807825302603,2025-07-24T21:49:53.913670
01578.png,0,20.0,19.558992721213674,20.44100727878587,1.2015280293059039,2025-07-24T21:49:54.161727
01579.png,0,20.0,19.69129490484957,20.30870509515011,1.2050170436110303,2025-07-24T21:49:54.409408
01580.png,0,20.0,19.783906433394698,20.216093566605075,1.2210334151180873,2025-07-24T21:49:54.661675
01581.png,0,20.0,19.84873450337629,20.15126549662355,1.2227022647816466,2025-07-24T21:49:54.911472
01582.png,0,20.0,19.8941141523634,20.105885847636486,1.206546494614239,2025-07-24T21:49:55.167620
01583.png,0,20.0,19.92587990665438,20.07412009334554,1.2132862882512379,2025-07-24T21:49:55.404453
01584.png,0,20.0,19.948115934658066,20.05188406534188,1.2115254530423507,2025-07-24T21:49:55.646144
01585.png,0,20.0,19.963681154260648,20.036318845739316,1.205965456854012,2025-07-24T21:49:55.898969
01586.png,0,20.0,19.97457680798245,20.02542319201752,1.213487000632672,2025-07-24T21:49:56.153467
01587.png,0,20.0,19.982203765587716,20.017796234412263,1.2065521951617502,2025-07-24T21:49:56.391835
01588.png,0,20.0,19.987542635911403,20.012457364088583,1.213041809957241,2025-07-24T21:49:56.632107
01589.png,0,20.0,19.99127984513798,20.008720154862004,1.2110718686648843,2025-07-24T21:49:56.872287
01590.png,0,20.0,19.993895891596587,20.006104108403402,1.2101613111192175,2025-07-24T21:49:57.113084
01591.png,0,20.0,19.99572712411761,20.00427287588238,1.2117417931910597,2025-07-24T21:49:57.363765
01592.png,0,20.0,19.997008986882328,20.002991013117665,1.2159242658191707,2025-07-24T21:49:57.604739
01593.png,0,20.0,19.997906290817628,20.002093709182365,1.217853354791317,2025-07-24T21:49:57.848582
01594.png,0,20.0,19.99853440357234,20.001465596427654,1.2166186956259568,2025-07-24T21:49:58.085828
01595.png,0,20.0,19.998974082500638,20.001025917499355,1.2088577499422954,2025-07-24T21:49:58.314140
01596.png,0,20.0,19.999281857750447,20.000718142249546,1.2157285894078727,2025-07-24T21:49:58.551950
01597.png,0,20.0,19.99949730042531,20.00050269957468,1.2046223351040772,2025-07-24T21:49:58.797538
01598.png,0,20.0,19.999648110297716,20.000351889702277,1.208199246496409,2025-07-24T21:49:59.032964
01599.png,0,20.0,19.999753677208403,20.000246322791593,1.213495630774442,2025-07-24T21:49:59.286652
01600.png,0,20.0,19.99982757404588,20.000172425954112,1.2232085161781554,2025-07-24T21:49:59.528323
01601.png,0,20.0,19.999879301832117,20.000120698167876,1.2193157816576645,2025-07-24T21:49:59.754392
01602.png,0,20.0,19.99991551128248,20.000084488717512,1.206890101261778,2025-07-24T21:49:59.983607
01603.png,0,20.0,19.999940857897734,20.00005914210226,1.2154445171993853,2025-07-24T21:50:00.218419
01604.png,0,20.0,19.999958600528412,20.00004139947158,1.2224285372128787,2025-07-24T21:50:00.446342
01605.png,0,20.0,19.999971020369887,20.000028979630105,1.2138406370183603,2025-07-24T21:50:00.674715
01606.png,0,20.0,19.99997971425892,20.000020285741073,1.211996836671575,2025-07-24T21:50:00.900671
01607.png,-1,20.0,15.499985799981243,24.50001420001875,1.2018646168524125,2025-07-24T21:50:01.112182
01608.png,0,20.0,16.84999005998687,23.150009940013124,1.1881321133400844,2025-07-24T21:50:01.341832
01609.png,0,20.0,17.794993041990807,22.205006958009186,1.1556356400460248,2025-07-24T21:50:01.567454
01610.png,-1,20.0,13.956495129393565,26.043504870606426,1.1700715745675678,2025-07-24T21:50:01.782348
01611.png,0,20.0,15.769546590575494,24.2304534094245,1.165358338974392,2025-07-24T21:50:02.001740
01612.png,0,20.0,17.038682613402845,22.96131738659715,1.1342444232398825,2025-07-24T21:50:02.224857
01613.png,-1,20.0,13.427077829381991,26.572922170618003,1.1506224970239964,2025-07-24T21:50:02.440650
01614.png,0,20.0,15.398954480567394,24.601045519432603,1.1724344614929862,2025-07-24T21:50:02.668380
01615.png,-1,20.0,12.279268136397175,27.720731863602822,1.1578986521632295,2025-07-24T21:50:02.899606
01616.png,-1,20.0,10.095487695478022,29.904512304521973,1.1770959767846072,2025-07-24T21:50:03.108616
01617.png,0,20.0,13.066841386834614,26.93315861316538,1.1719055609434401,2025-07-24T21:50:03.332609
01618.png,0,20.0,15.146788970784229,24.853211029215764,1.1888234684298857,2025-07-24T21:50:03.541549
01619.png,0,20.0,16.60275227954896,23.397247720451034,1.1481436954870594,2025-07-24T21:50:03.763402
01620.png,0,20.0,17.621926595684272,22.378073404315725,1.1415925277540548,2025-07-24T21:50:03.979770
01621.png,0,20.0,18.33534861697899,21.664651383021006,1.1597671145724697,2025-07-24T21:50:04.195669
01622.png,0,20.0,18.834744031885293,21.165255968114703,1.1686555432389711,2025-07-24T21:50:04.408419
01623.png,0,20.0,19.184320822319705,20.81567917768029,1.1892597978060453,2025-07-24T21:50:04.627062
01624.png,-1,20.0,14.929024575623792,25.0709754243762,1.1897513889918203,2025-07-24T21:50:04.835927
01625.png,0,20.0,16.450317202936652,23.54968279706334,1.1749487005257975,2025-07-24T21:50:05.051827
01626.png,0,20.0,17.515222042055655,22.48477795794434,1.1624237654496217,2025-07-24T21:50:05.265714
01627.png,0,20.0,18.260655429438955,21.739344570561038,1.1629297827479754,2025-07-24T21:50:05.477277
01628.png,0,20.0,18.782458800607266,21.217541199392727,1.1727576163050655,2025-07-24T21:50:05.700156
01629.png,0,20.0,19.147721160425085,20.852278839574907,1.1835710007192926,2025-07-24T21:50:05.920335
01630.png,-1,20.0,14.903404812297559,25.096595187702434,1.1746829486652923,2025-07-24T21:50:06.128080
01631.png,0,20.0,16.432383368608292,23.5676166313917,1.169530456353896,2025-07-24T21:50:06.341095
01632.png,0,20.0,17.502668358025804,22.49733164197419,1.156099672305875,2025-07-24T21:50:06.569211
01633.png,-1,20.0,13.751867850618062,26.24813214938193,1.1693082759600313,2025-07-24T21:50:06.781915
01634.png,0,20.0,15.626307495432643,24.37369250456735,1.1486618888806372,2025-07-24T21:50:06.997659
01635.png,0,20.0,16.938415246802847,23.061584753197145,1.1405196579044081,2025-07-24T21:50:07.208493
01636.png,-1,20.0,13.356890672761992,26.643109327238,1.1386283590692536,2025-07-24T21:50:07.424624
01637.png,-1,20.0,10.849823470933394,29.1501765290666,1.1586175776369994,2025-07-24T21:50:07.638152
01638.png,0,20.0,13.594876429653375,26.405123570346618,1.167118945333999,2025-07-24T21:50:07.865250
01639.png,-1,20.0,11.016413500757363,28.98358649924263,1.1709777495261904,2025-07-24T21:50:08.074868
01640.png,0,20.0,13.711489450530152,26.28851054946984,1.1822253992133145,2025-07-24T21:50:08.301800
01641.png,0,20.0,15.598042615371106,24.401957384628886,1.1905534145621157,2025-07-24T21:50:08.511787
01642.png,1,20.0,21.418629830759773,18.58137016924022,1.186764527420264,2025-07-24T21:50:08.730660
01643.png,0,20.0,20.99304088153184,19.006959118468153,1.2225126148237002,2025-07-24T21:50:08.956929
01644.png,1,20.0,25.195128617072285,14.804871382927706,1.2495943242770755,2025-07-24T21:50:09.169065
01645.png,0,20.0,23.636590031950597,16.363409968049396,1.2802390604529432,2025-07-24T21:50:09.397465
01646.png,-1,20.0,18.045613022365416,21.954386977634577,1.2456145227531783,2025-07-24T21:50:09.611659
01647.png,0,20.0,18.63192911565579,21.368070884344203,1.2204032900839603,2025-07-24T21:50:09.848194
01648.png,0,20.0,19.04235038095905,20.957649619040943,1.1880629720319529,2025-07-24T21:50:10.062182
01649.png,-1,20.0,14.829645266671335,25.170354733328658,1.1891135842955867,2025-07-24T21:50:10.290415
01650.png,-1,20.0,11.880751686669933,28.119248313330058,1.1878820790557696,2025-07-24T21:50:10.504301
01651.png,0,20.0,14.316526180668953,25.683473819331038,1.1919108362500883,2025-07-24T21:50:10.734694
01652.png,0,20.0,16.021568326468266,23.978431673531727,1.1893169684991,2025-07-24T21:50:10.969322
01653.png,-1,20.0,12.715097828527785,27.284902171472208,1.1734940348659209,2025-07-24T21:50:11.201368
01654.png,0,20.0,14.900568479969449,25.099431520030546,1.1691970917532197,2025-07-24T21:50:11.412385
01655.png,0,20.0,16.43039793597861,23.56960206402138,1.1778778149540294,2025-07-24T21:50:11.659713
01656.png,0,20.0,17.501278555185028,22.498721444814965,1.1754492370915994,2025-07-24T21:50:11.905620
01657.png,0,20.0,18.25089498862952,21.749105011370474,1.1647132993287392,2025-07-24T21:50:12.136727
01658.png,0,20.0,18.77562649204066,21.22437350795933,1.173791971759114,2025-07-24T21:50:12.383718
01659.png,0,20.0,19.14293854442846,20.857061455571532,1.190066376618411,2025-07-24T21:50:12.654675
01660.png,0,20.0,19.400056981099922,20.59994301890007,1.2117261304766889,2025-07-24T21:50:12.941410
01661.png,0,20.0,19.580039886769946,20.419960113230047,1.200980404488768,2025-07-24T21:50:13.215851
01662.png,0,20.0,19.70602792073896,20.29397207926103,1.2146037014479654,2025-07-24T21:50:13.467662
01663.png,0,20.0,19.794219544517272,20.20578045548272,1.2206762298552734,2025-07-24T21:50:13.708141
01664.png,-1,20.0,15.35595368116209,24.6440463188379,1.165558362347568,2025-07-24T21:50:13.966281
01665.png,-1,20.0,12.249167576813463,27.75083242318653,1.1814066186323704,2025-07-24T21:50:14.220653
01666.png,0,20.0,14.574417303769422,25.42558269623057,1.1731159970313967,2025-07-24T21:50:14.483094
01667.png,-1,20.0,11.702092112638596,28.297907887361397,1.1921534205615814,2025-07-24T21:50:14.713243
01668.png,0,20.0,14.191464478847017,25.808535521152976,1.1919702031792594,2025-07-24T21:50:14.950499
01669.png,0,20.0,15.934025135192911,24.06597486480708,1.1614687946698166,2025-07-24T21:50:15.202420
01670.png,0,20.0,17.153817594635036,22.846182405364956,1.1465903943531366,2025-07-24T21:50:15.435037
01671.png,0,20.0,18.007672316244523,21.99232768375547,1.1667184770419148,2025-07-24T21:50:15.674588
01672.png,0,20.0,18.605370621371165,21.394629378628828,1.172666761918858,2025-07-24T21:50:15.901045
01673.png,0,20.0,19.023759434959814,20.97624056504018,1.175159193956239,2025-07-24T21:50:16.144443
01674.png,-1,20.0,14.816631604471869,25.183368395528124,1.1596344257866555,2025-07-24T21:50:16.395725
01675.png,-1,20.0,11.871642123130307,28.128357876869686,1.174597775997229,2025-07-24T21:50:16.632600
01676.png,-1,20.0,9.810149486191214,30.18985051380878,1.2310180286484516,2025-07-24T21:50:16.872691
01677.png,-1,20.0,8.36710464033385,31.632895359666144,1.2457174904774744,2025-07-24T21:50:17.098838
01678.png,0,20.0,11.856973248233693,28.1430267517663,1.2803066814865278,2025-07-24T21:50:17.340568
01679.png,0,20.0,14.299881273763585,25.700118726236408,1.2691110991627985,2025-07-24T21:50:17.578881
01680.png,0,20.0,16.00991689163451,23.990083108365486,1.2560191951595794,2025-07-24T21:50:17.806751
01681.png,0,20.0,17.206941824144156,22.79305817585584,1.2139994764405984,2025-07-24T21:50:18.039875
01682.png,-1,20.0,13.544859276900908,26.455140723099085,1.2210368514487489,2025-07-24T21:50:18.292862
01683.png,-1,20.0,10.981401493830635,29.018598506169358,1.2617945339427632,2025-07-24T21:50:18.540481
01684.png,-1,20.0,9.186981045681444,30.81301895431855,1.299037243476204,2025-07-24T21:50:18.782193
01685.png,-1,20.0,7.930886731977011,32.06911326802299,1.3149499096076107,2025-07-24T21:50:19.010725
01686.png,-1,20.0,7.051620712383907,32.94837928761609,1.3390344312680054,2025-07-24T21:50:19.268884
01687.png,-1,20.0,6.436134498668735,33.563865501331264,1.3513886658395422,2025-07-24T21:50:19.508943
01688.png,-1,20.0,6.005294149068114,33.99470585093188,1.3416938696922525,2025-07-24T21:50:19.749243
01689.png,-1,20.0,5.70370590434768,34.296294095652314,1.3525261493881147,2025-07-24T21:50:19.977882
01690.png,-1,20.0,5.492594133043376,34.50740586695662,1.3562959936198151,2025-07-24T21:50:20.211462
01691.png,-1,20.0,5.344815893130363,34.655184106869626,1.3688415372440306,2025-07-24T21:50:20.442593
01692.png,-1,20.0,5.241371125191254,34.758628874808736,1.3820079385849044,2025-07-24T21:50:20.680588
01693.png,0,20.0,9.668959787633877,30.331040212366112,1.3915472868022214,2025-07-24T21:50:20.907283
01694.png,0,20.0,12.768271851343714,27.231728148656277,1.3952859059031135,2025-07-24T21:50:21.136831
01695.png,0,20.0,14.9377902959406,25.06220970405939,1.3692913601566272,2025-07-24T21:50:21.376787
01696.png,0,20.0,16.456453207158418,23.54354679284157,1.3272701009327132,2025-07-24T21:50:21.600751
01697.png,0,20.0,17.519517245010892,22.480482754989097,1.279308107923505,2025-07-24T21:50:21.814531
01698.png,0,20.0,18.263662071507625,21.736337928492368,1.2256423078969263,2025-07-24T21:50:22.042929
01699.png,0,20.0,18.784563450055337,21.215436549944656,1.2154441748411124,2025-07-24T21:50:22.253763
01700.png,0,20.0,19.149194415038735,20.850805584961257,1.1755363315200986,2025-07-24T21:50:22.484846
01701.png,0,20.0,19.404436090527113,20.59556390947288,1.2016718408297202,2025-07-24T21:50:22.723804
01702.png,0,20.0,19.583105263368978,20.416894736631015,1.194447498488398,2025-07-24T21:50:22.951370
01703.png,0,20.0,19.708173684358286,20.291826315641707,1.2035475008705512,2025-07-24T21:50:23.191682
01704.png,0,20.0,19.7957215790508,20.204278420949194,1.2171466598366718,2025-07-24T21:50:23.433013
01705.png,-1,20.0,15.357005105335558,24.642994894664433,1.2056244617134022,2025-07-24T21:50:23.658345
01706.png,-1,20.0,12.24990357373489,27.750096426265102,1.2218529424356872,2025-07-24T21:50:23.888031
01707.png,-1,20.0,10.074932501614423,29.92506749838557,1.2230613768913685,2025-07-24T21:50:24.122586
01708.png,-1,20.0,8.552452751130096,31.4475472488699,1.2408410683979179,2025-07-24T21:50:24.349162
01709.png,-1,20.0,7.486716925791066,32.51328307420893,1.2659630217599769,2025-07-24T21:50:24.567275
01710.png,0,20.0,11.240701848053746,28.759298151946247,1.2612605503515404,2025-07-24T21:50:24.793397
01711.png,0,20.0,13.868491293637621,26.13150870636237,1.2411466025256905,2025-07-24T21:50:25.016685
01712.png,0,20.0,15.707943905546335,24.29205609445366,1.199005923989409,2025-07-24T21:50:25.228546
01713.png,0,20.0,16.995560733882435,23.00443926611756,1.1146376875582997,2025-07-24T21:50:25.456063
01714.png,1,20.0,22.396892513717702,17.60310748628229,1.1612938206006747,2025-07-24T21:50:25.671699
01715.png,1,20.0,26.17782475960239,13.822175240397602,1.2013573613259085,2025-07-24T21:50:25.889667
01716.png,1,20.0,28.824477331721674,11.17552266827832,1.2357175236293467,2025-07-24T21:50:26.109550
01717.png,1,20.0,30.677134132205172,9.322865867794825,1.2804965592902977,2025-07-24T21:50:26.336095
01718.png,1,20.0,31.973993892543618,8.026006107456377,1.3115132010108437,2025-07-24T21:50:26.551204
01719.png,0,20.0,28.38179572478053,11.618204275219464,1.3332699314288134,2025-07-24T21:50:26.761738
01720.png,0,20.0,25.86725700734637,14.132742992653624,1.3698003082267487,2025-07-24T21:50:26.976603
01721.png,-1,20.0,19.60707990514246,20.392920094857537,1.2533156527226454,2025-07-24T21:50:27.208446
01722.png,-1,20.0,15.224955933599722,24.775044066400277,1.1839154202816404,2025-07-24T21:50:27.433848
01723.png,-1,20.0,12.157469153519804,27.84253084648019,1.1992145427070555,2025-07-24T21:50:27.660889
01724.png,-1,20.0,10.010228407463861,29.989771592536133,1.2318937760134527,2025-07-24T21:50:27.884548
01725.png,-1,20.0,8.507159885224702,31.49284011477529,1.2452432608642814,2025-07-24T21:50:28.097575
01726.png,0,20.0,11.955011919657291,28.0449880803427,1.2595169481147008,2025-07-24T21:50:28.313060
01727.png,0,20.0,14.368508343760103,25.63149165623989,1.244409025155086,2025-07-24T21:50:28.524054
01728.png,0,20.0,16.057955840632072,23.942044159367924,1.2361944106907663,2025-07-24T21:50:28.749945
01729.png,0,20.0,17.24056908844245,22.759430911557548,1.2041786009833124,2025-07-24T21:50:28.964668
01730.png,1,20.0,22.568398361909715,17.43160163809028,1.2135208664271693,2025-07-24T21:50:29.177884
01731.png,1,20.0,26.297878853336798,13.702121146663197,1.2592173722695523,2025-07-24T21:50:29.415765
01732.png,0,20.0,24.408515197335756,15.591484802664237,1.2673438772490342,2025-07-24T21:50:29.649838
01733.png,0,20.0,23.085960638135028,16.914039361864965,1.2921357112076894,2025-07-24T21:50:29.870695
01734.png,-1,20.0,17.660172446694517,22.339827553305476,1.2723822715898019,2025-07-24T21:50:30.095623
01735.png,-1,20.0,13.862120712686162,26.13787928731383,1.2573239310501751,2025-07-24T21:50:30.315280
01736.png,-1,20.0,11.203484498880313,28.79651550111968,1.2678910035501494,2025-07-24T21:50:30.540185
01737.png,-1,20.0,9.342439149216219,30.657560850783774,1.273998137703433,2025-07-24T21:50:30.765349
01738.png,0,20.0,12.539707404451352,27.46029259554864,1.289049131443263,2025-07-24T21:50:30.983723
01739.png,0,20.0,14.777795183115947,25.222204816884048,1.2797186554268534,2025-07-24T21:50:31.205704
01740.png,0,20.0,16.344456628181163,23.655543371818833,1.2450482462451704,2025-07-24T21:50:31.430888
01741.png,0,20.0,17.441119639726814,22.558880360273182,1.2200329613917285,2025-07-24T21:50:31.661920
01742.png,0,20.0,18.20878374780877,21.791216252191226,1.190263981404202,2025-07-24T21:50:31.888626
01743.png,-1,20.0,14.246148623466139,25.75385137653386,1.1812630700293594,2025-07-24T21:50:32.129134
01744.png,-1,20.0,11.472304036426296,28.5276959635737,1.179058744462414,2025-07-24T21:50:32.365323
01745.png,-1,20.0,9.530612825498407,30.469387174501588,1.2029147039014554,2025-07-24T21:50:32.581298
01746.png,0,20.0,12.671428977848883,27.32857102215111,1.201924459051253,2025-07-24T21:50:32.803681
01747.png,-1,20.0,10.370000284494218,29.629999715505775,1.2070854485955733,2025-07-24T21:50:33.016900
01748.png,0,20.0,13.259000199145952,26.74099980085404,1.195883081574923,2025-07-24T21:50:33.251929
01749.png,0,20.0,15.281300139402166,24.718699860597827,1.2018417847851675,2025-07-24T21:50:33.495671
01750.png,0,20.0,16.696910097581515,23.303089902418478,1.1644785171688954,2025-07-24T21:50:33.764357
01751.png,0,20.0,17.68783706830706,22.312162931692935,1.1521365267618362,2025-07-24T21:50:34.036163
01752.png,0,20.0,18.381485947814944,21.618514052185056,1.1370430593822247,2025-07-24T21:50:34.303173
01753.png,0,20.0,18.86704016347046,21.132959836529537,1.182113382381046,2025-07-24T21:50:34.554385
01754.png,-1,20.0,14.70692811442932,25.293071885570676,1.1842925220669165,2025-07-24T21:50:34.826931
01755.png,0,20.0,16.294849680100526,23.70515031989947,1.1749246943831528,2025-07-24T21:50:35.098080
01756.png,-1,20.0,12.906394776070368,27.09360522392963,1.1708353036948136,2025-07-24T21:50:35.359391
01757.png,0,20.0,15.034476343249256,24.96552365675074,1.168887303193221,2025-07-24T21:50:35.621856
01758.png,0,20.0,16.52413344027448,23.475866559725517,1.1813706823069947,2025-07-24T21:50:35.888868
01759.png,0,20.0,17.566893408192136,22.43310659180786,1.1566713872579208,2025-07-24T21:50:36.152740
01760.png,0,20.0,18.296825385734493,21.7031746142655,1.156984801179433,2025-07-24T21:50:36.406660
01761.png,0,20.0,18.807777770014145,21.19222222998585,1.1761144720082441,2025-07-24T21:50:36.674414
01762.png,0,20.0,19.165444439009903,20.834555560990093,1.1865742343800059,2025-07-24T21:50:36.946177
01763.png,0,20.0,19.41581110730693,20.584188892693064,1.1940996282636958,2025-07-24T21:50:37.210303
01764.png,0,20.0,19.59106777511485,20.40893222488514,1.2140174826943562,2025-07-24T21:50:37.475623
01765.png,0,20.0,19.713747442580395,20.286252557419598,1.2048651444468652,2025-07-24T21:50:37.755415
01766.png,0,20.0,19.799623209806278,20.200376790193715,1.2102889821664948,2025-07-24T21:50:38.026371
01767.png,0,20.0,19.859736246864394,20.1402637531356,1.2145580825772762,2025-07-24T21:50:38.288043
01768.png,0,20.0,19.901815372805075,20.098184627194918,1.2138244873351935,2025-07-24T21:50:38.556512
01769.png,0,20.0,19.93127076096355,20.068729239036443,1.212904807417281,2025-07-24T21:50:38.834089
01770.png,0,20.0,19.951889532674485,20.048110467325507,1.2244686101835927,2025-07-24T21:50:39.101461
01771.png,0,20.0,19.96632267287214,20.033677327127855,1.2271476959486554,2025-07-24T21:50:39.371067
01772.png,0,20.0,19.9764258710105,20.023574128989495,1.2207894033964322,2025-07-24T21:50:39.624297
01773.png,0,20.0,19.983498109707348,20.016501890292645,1.216279314305266,2025-07-24T21:50:39.903886
01774.png,0,20.0,19.988448676795144,20.01155132320485,1.2097918266881589,2025-07-24T21:50:40.171721
01775.png,0,20.0,19.9919140737566,20.008085926243393,1.2159152632830321,2025-07-24T21:50:40.437171
01776.png,0,20.0,19.99433985162962,20.005660148370374,1.2077473428920387,2025-07-24T21:50:40.689569
01777.png,0,20.0,19.996037896140734,20.00396210385926,1.2150625270900588,2025-07-24T21:50:40.948078
01778.png,0,20.0,19.997226527298515,20.002773472701477,1.2102812751705916,2025-07-24T21:50:41.224920
01779.png,0,20.0,19.99805856910896,20.001941430891033,1.222865758589904,2025-07-24T21:50:41.497379
01780.png,0,20.0,19.99864099837627,20.001359001623722,1.2176745041761785,2025-07-24T21:50:41.771993
01781.png,0,20.0,19.99904869886339,20.000951301136602,1.2108271753414461,2025-07-24T21:50:42.022363
01782.png,0,20.0,19.999334089204375,20.000665910795618,1.212166144719376,2025-07-24T21:50:42.284377
01783.png,0,20.0,19.999533862443062,20.000466137556934,1.2040061586011483,2025-07-24T21:50:42.546899
01784.png,0,20.0,19.999673703710144,20.000326296289852,1.212089126054992,2025-07-24T21:50:42.817388
01785.png,0,20.0,19.9997715925971,20.000228407402894,1.2108023955439504,2025-07-24T21:50:43.082354
01786.png,0,20.0,19.99984011481797,20.000159885182022,1.2143646492778026,2025-07-24T21:50:43.352381
01787.png,0,20.0,19.99988808037258,20.000111919627415,1.2059285115085112,2025-07-24T21:50:43.613102
01788.png,0,20.0,19.999921656260803,20.00007834373919,1.2204075129667027,2025-07-24T21:50:43.888045
01789.png,0,20.0,19.999945159382563,20.00005484061743,1.2113744993856181,2025-07-24T21:50:44.133211
01790.png,0,20.0,19.99996161156779,20.000038388432202,1.2128611188691558,2025-07-24T21:50:44.385145
01791.png,0,20.0,19.99997312809745,20.00002687190254,1.2191077481154124,2025-07-24T21:50:44.638550
01792.png,0,20.0,19.999981189668215,20.000018810331778,1.213823228454546,2025-07-24T21:50:44.890270
01793.png,0,20.0,19.99998683276775,20.000013167232243,1.2063496077431914,2025-07-24T21:50:45.144034
01794.png,0,20.0,19.999990782937424,20.00000921706257,1.2075563527895583,2025-07-24T21:50:45.400439
01795.png,0,20.0,19.999993548056196,20.000006451943797,1.2041421583739595,2025-07-24T21:50:45.659288
01796.png,0,20.0,19.99999548363934,20.000004516360654,1.2118657859460678,2025-07-24T21:50:45.919354
01797.png,0,20.0,19.99999683854754,20.000003161452454,1.211037032970702,2025-07-24T21:50:46.157295
01798.png,0,20.0,19.999997786983275,20.000002213016717,1.2163479713613792,2025-07-24T21:50:46.411229
01799.png,0,20.0,19.99999845088829,20.0000015491117,1.2115026720301594,2025-07-24T21:50:46.679266
01800.png,0,20.0,19.999998915621802,20.00000108437819,1.2066362026716515,2025-07-24T21:50:46.931194
01801.png,0,20.0,19.99999924093526,20.000000759064733,1.214701438424048,2025-07-24T21:50:47.187057
01802.png,0,20.0,19.999999468654682,20.000000531345314,1.2086404558716282,2025-07-24T21:50:47.440508
01803.png,0,20.0,19.999999628058276,20.000000371941717,1.2105587062315268,2025-07-24T21:50:47.693468
01804.png,-1,20.0,15.499999739640792,24.5000002603592,1.218516391519891,2025-07-24T21:50:47.943835
01805.png,0,20.0,16.849999817748554,23.15000018225144,1.1881107129079667,2025-07-24T21:50:48.200024
01806.png,0,20.0,17.794999872423986,22.205000127576007,1.1592280120858034,2025-07-24T21:50:48.452248
01807.png,0,20.0,18.45649991069679,21.5435000893032,1.1605376751670426,2025-07-24T21:50:48.704587
01808.png,0,20.0,18.91954993748775,21.08045006251224,1.1632962421722897,2025-07-24T21:50:48.956786
01809.png,0,20.0,19.243684956241424,20.75631504375857,1.1893006163249988,2025-07-24T21:50:49.211444
01810.png,0,20.0,19.470579469368996,20.529420530630997,1.1962668063758206,2025-07-24T21:50:49.468196
01811.png,0,20.0,19.629405628558295,20.370594371441697,1.2154467790838437,2025-07-24T21:50:49.729278
01812.png,0,20.0,19.740583939990806,20.259416060009187,1.209215568579685,2025-07-24T21:50:50.005749
01813.png,0,20.0,19.818408757993563,20.18159124200643,1.207061041202903,2025-07-24T21:50:50.257157
01814.png,0,20.0,19.872886130595493,20.1271138694045,1.2085368876753133,2025-07-24T21:50:50.526981
01815.png,0,20.0,19.911020291416847,20.08897970858315,1.2134313636845204,2025-07-24T21:50:50.793735
01816.png,0,20.0,19.937714203991792,20.062285796008204,1.2338959676866852,2025-07-24T21:50:51.053093
01817.png,0,20.0,19.956399942794256,20.043600057205744,1.20814729469069,2025-07-24T21:50:51.324466
01818.png,0,20.0,19.96947995995598,20.030520040044017,1.2190580656423633,2025-07-24T21:50:51.572709
01819.png,0,20.0,19.978635971969183,20.02136402803081,1.210241450112045,2025-07-24T21:50:51.832115
01820.png,0,20.0,19.985045180378428,20.014954819621565,1.2121080691724015,2025-07-24T21:50:52.094712
01821.png,0,20.0,19.9895316262649,20.010468373735094,1.2147249165661322,2025-07-24T21:50:52.353270
01822.png,0,20.0,19.99267213838543,20.007327861614563,1.2106099731415596,2025-07-24T21:50:52.599116
01823.png,0,20.0,19.9948704968698,20.005129503130192,1.213327223674491,2025-07-24T21:50:52.869278
01824.png,0,20.0,19.99640934780886,20.003590652191136,1.2132451061976914,2025-07-24T21:50:53.122746
01825.png,0,20.0,19.997486543466202,20.002513456533794,1.215807505136853,2025-07-24T21:50:53.386976
01826.png,0,20.0,19.99824058042634,20.001759419573656,1.214692413959817,2025-07-24T21:50:53.651143
01827.png,0,20.0,19.99876840629844,20.001231593701558,1.1998831776424796,2025-07-24T21:50:53.917539
01828.png,0,20.0,19.999137884408906,20.00086211559109,1.21410385250542,2025-07-24T21:50:54.175671
01829.png,0,20.0,19.999396519086233,20.00060348091376,1.2144492639223772,2025-07-24T21:50:54.427641
01830.png,0,20.0,19.99957756336036,20.00042243663963,1.2256853340396232,2025-07-24T21:50:54.671931
01831.png,0,20.0,19.999704294352252,20.00029570564774,1.2047094955348676,2025-07-24T21:50:54.918583
01832.png,0,20.0,19.999793006046573,20.00020699395342,1.2141659107224416,2025-07-24T21:50:55.183667
01833.png,0,20.0,19.9998551042326,20.00014489576739,1.2148252084618372,2025-07-24T21:50:55.442276
01834.png,0,20.0,19.99989857296282,20.000101427037173,1.2136928217263165,2025-07-24T21:50:55.697137
01835.png,0,20.0,19.999929001073973,20.00007099892602,1.213930167975953,2025-07-24T21:50:55.951014
01836.png,0,20.0,19.99995030075178,20.000049699248216,1.2181599400792624,2025-07-24T21:50:56.203972
01837.png,0,20.0,19.99996521052625,20.00003478947375,1.2134980198000758,2025-07-24T21:50:56.469331
01838.png,0,20.0,19.999975647368373,20.000024352631627,1.2027421381279313,2025-07-24T21:50:56.720201
01839.png,0,20.0,19.99998295315786,20.00001704684214,1.214360414448972,2025-07-24T21:50:56.973894
01840.png,0,20.0,19.999988067210502,20.000011932789498,1.2138082361971532,2025-07-24T21:50:57.227602
01841.png,0,20.0,19.999991647047352,20.000008352952648,1.200420014002498,2025-07-24T21:50:57.467874
01842.png,0,20.0,19.999994152933148,20.000005847066852,1.2180723708741803,2025-07-24T21:50:57.722313
01843.png,0,20.0,19.999995907053204,20.000004092946796,1.2115836465220207,2025-07-24T21:50:57.976545
01844.png,0,20.0,19.999997134937242,20.000002865062754,1.2093296896857737,2025-07-24T21:50:58.231115
01845.png,0,20.0,19.999997994456066,20.000002005543926,1.2111934609689086,2025-07-24T21:50:58.485033
01846.png,0,20.0,19.999998596119248,20.000001403880745,1.2159141067949086,2025-07-24T21:50:58.748270
01847.png,0,20.0,19.99999901728347,20.00000098271652,1.2136953538871984,2025-07-24T21:50:58.989912
01848.png,0,20.0,19.99999931209843,20.00000068790156,1.212286783742659,2025-07-24T21:50:59.255691
01849.png,-1,20.0,15.4999995184689,24.500000481531092,1.2153535900234218,2025-07-24T21:50:59.517384
01850.png,0,20.0,16.84999966292823,23.150000337071763,1.2049759591999991,2025-07-24T21:50:59.791774
01851.png,0,20.0,17.794999764049763,22.205000235950234,1.1759917311446257,2025-07-24T21:51:00.050368
01852.png,0,20.0,18.456499834834833,21.543500165165163,1.15344780058741,2025-07-24T21:51:00.310934
01853.png,0,20.0,18.91954988438438,21.080450115615612,1.1591968516388986,2025-07-24T21:51:00.552881
01854.png,0,20.0,19.243684919069068,20.756315080930925,1.1912372438641845,2025-07-24T21:51:00.805429
01855.png,0,20.0,19.47057944334835,20.529420556651644,1.1857918182956406,2025-07-24T21:51:01.074183
01856.png,0,20.0,19.629405610343845,20.370594389656148,1.2181420818923732,2025-07-24T21:51:01.327042
01857.png,0,20.0,19.740583927240692,20.2594160727593,1.2007870362964916,2025-07-24T21:51:01.577520
01858.png,0,20.0,19.81840874906848,20.18159125093151,1.2108084309499667,2025-07-24T21:51:01.817985
01859.png,0,20.0,19.872886124347936,20.127113875652057,1.2134029295879738,2025-07-24T21:51:02.058308
01860.png,0,20.0,19.911020287043556,20.088979712956437,1.2151478462740928,2025-07-24T21:51:02.315742
01861.png,0,20.0,19.937714200930486,20.062285799069507,1.2199111482865874,2025-07-24T21:51:02.565147
01862.png,0,20.0,19.956399940651337,20.043600059348655,1.215702842097052,2025-07-24T21:51:02.817979
01863.png,0,20.0,19.969479958455935,20.030520041544058,1.2247300941995285,2025-07-24T21:51:03.060004
01864.png,0,20.0,19.978635970919154,20.02136402908084,1.2256713600750153,2025-07-24T21:51:03.312248
01865.png,0,20.0,19.985045179643407,20.014954820356586,1.216848664215249,2025-07-24T21:51:03.552058
01866.png,0,20.0,19.989531625750384,20.01046837424961,1.223661117921108,2025-07-24T21:51:03.802797
01867.png,0,20.0,19.99267213802527,20.007327861974723,1.2247461874915713,2025-07-24T21:51:04.044279
01868.png,0,20.0,19.994870496617686,20.005129503382307,1.2237316932608637,2025-07-24T21:51:04.299694
01869.png,0,20.0,19.99640934763238,20.003590652367613,1.2152054549799196,2025-07-24T21:51:04.553007
01870.png,0,20.0,19.997486543342667,20.002513456657326,1.2212265698430178,2025-07-24T21:51:04.805039
01871.png,0,20.0,19.998240580339868,20.001759419660125,1.2204249047774138,2025-07-24T21:51:05.043486
01872.png,0,20.0,19.998768406237907,20.001231593762085,1.2099676305035092,2025-07-24T21:51:05.298884
01873.png,0,20.0,19.999137884366533,20.00086211563346,1.2167922908417197,2025-07-24T21:51:05.536990
01874.png,0,20.0,19.999396519056575,20.00060348094342,1.2235332898405935,2025-07-24T21:51:05.794352
01875.png,0,20.0,19.9995775633396,20.000422436660394,1.2083347454651607,2025-07-24T21:51:06.042029
01876.png,0,20.0,19.999704294337718,20.000295705662275,1.2177670989957314,2025-07-24T21:51:06.287281
01877.png,0,20.0,19.999793006036402,20.00020699396359,1.218266589661611,2025-07-24T21:51:06.541306
01878.png,0,20.0,19.99985510422548,20.00014489577451,1.2116521796699444,2025-07-24T21:51:06.796545
01879.png,0,20.0,19.999898572957836,20.000101427042157,1.2157746024822074,2025-07-24T21:51:07.047513
01880.png,0,20.0,19.999929001070484,20.00007099892951,1.2192630557403004,2025-07-24T21:51:07.307360
01881.png,0,20.0,19.99995030074934,20.000049699250653,1.204643151886389,2025-07-24T21:51:07.555058
01882.png,0,20.0,19.999965210524536,20.000034789475457,1.2209378402800475,2025-07-24T21:51:07.792337
01883.png,0,20.0,19.999975647367172,20.00002435263282,1.2205301099875705,2025-07-24T21:51:08.046210
01884.png,0,20.0,19.99998295315702,20.000017046842974,1.2186485506350957,2025-07-24T21:51:08.304067
01885.png,0,20.0,19.999988067209912,20.00001193279008,1.2201783685025935,2025-07-24T21:51:08.540956
01886.png,0,20.0,19.99999164704694,20.000008352953053,1.2147158747236722,2025-07-24T21:51:08.779813
01887.png,0,20.0,19.999994152932857,20.000005847067136,1.2263380273398914,2025-07-24T21:51:09.034010
01888.png,0,20.0,19.999995907053,20.000004092946995,1.2129953890859477,2025-07-24T21:51:09.275503
01889.png,0,20.0,19.999997134937097,20.000002865062896,1.2191348384704397,2025-07-24T21:51:09.512785
01890.png,0,20.0,19.999997994455967,20.000002005544026,1.2290058153000887,2025-07-24T21:51:09.756972
01891.png,0,20.0,19.999998596119177,20.000001403880816,1.216316164100881,2025-07-24T21:51:09.997229
01892.png,0,20.0,19.99999901728342,20.00000098271657,1.2236464025908533,2025-07-24T21:51:10.236161
01893.png,1,20.0,24.499999312098396,15.500000687901599,1.2481970292102473,2025-07-24T21:51:10.488610
01894.png,0,20.0,23.149999518468874,16.85000048153112,1.2867657752917876,2025-07-24T21:51:10.730608
01895.png,0,20.0,22.204999662928213,17.795000337071784,1.2803511623134787,2025-07-24T21:51:10.967670
01896.png,0,20.0,21.54349976404975,18.456500235950248,1.2769038557257602,2025-07-24T21:51:11.210799
01897.png,0,20.0,21.080449834834823,18.919550165165173,1.2690389160353202,2025-07-24T21:51:11.455451
01898.png,0,20.0,20.756314884384373,19.24368511561562,1.2435733398686752,2025-07-24T21:51:11.740322
01899.png,0,20.0,20.529420419069062,19.47057958093093,1.2349753808384059,2025-07-24T21:51:11.988307
01900.png,0,20.0,20.37059429334834,19.629405706651653,1.227783952310758,2025-07-24T21:51:12.225028
01901.png,0,20.0,20.259416005343837,19.740583994656156,1.2221822317315862,2025-07-24T21:51:12.479668
01902.png,0,20.0,20.181591203740687,19.81840879625931,1.2186508896163661,2025-07-24T21:51:12.736421
01903.png,0,20.0,20.127113842618478,19.872886157381515,1.2194552991890526,2025-07-24T21:51:12.971149
01904.png,0,20.0,20.088979689832932,19.91102031016706,1.226720240598505,2025-07-24T21:51:13.208018
01905.png,0,20.0,20.062285782883052,19.93771421711694,1.2200777823133095,2025-07-24T21:51:13.440970
01906.png,0,20.0,20.043600048018135,19.956399951981858,1.205317611563315,2025-07-24T21:51:13.678203
01907.png,0,20.0,20.030520033612696,19.9694799663873,1.2075224513800131,2025-07-24T21:51:13.913416
01908.png,0,20.0,20.021364023528886,19.97863597647111,1.215041105386427,2025-07-24T21:51:14.140594
01909.png,0,20.0,20.01495481647022,19.985045183529778,1.2073299808271427,2025-07-24T21:51:14.367597
01910.png,0,20.0,20.01046837152915,19.989531628470843,1.214668510945074,2025-07-24T21:51:14.595995
01911.png,0,20.0,20.007327860070404,19.99267213992959,1.2141954383079923,2025-07-24T21:51:14.829307
01912.png,0,20.0,20.005129502049282,19.99487049795071,1.2105988892915085,2025-07-24T21:51:15.060910
01913.png,0,20.0,20.003590651434497,19.996409348565496,1.2189085233674066,2025-07-24T21:51:15.285557
01914.png,0,20.0,20.002513456004145,19.997486543995848,1.218370144568844,2025-07-24T21:51:15.520306
01915.png,0,20.0,20.001759419202898,19.998240580797095,1.2205291206729993,2025-07-24T21:51:15.742705
01916.png,0,20.0,20.00123159344203,19.998768406557964,1.211668418049515,2025-07-24T21:51:15.953522
01917.png,-1,20.0,15.500862115409419,24.499137884590574,1.1983174662037508,2025-07-24T21:51:16.170847
01918.png,0,20.0,16.850603480786592,23.1493965192134,1.1954861234194238,2025-07-24T21:51:16.384209
01919.png,-1,20.0,13.295422436550615,26.70457756344938,1.1757188287612403,2025-07-24T21:51:16.610093
01920.png,-1,20.0,10.80679570558543,29.193204294414564,1.168736880365672,2025-07-24T21:51:16.822565
01921.png,-1,20.0,9.0647569939098,30.935243006090193,1.1880235161074661,2025-07-24T21:51:17.052642
01922.png,-1,20.0,7.845329895736859,32.15467010426313,1.2054542361825897,2025-07-24T21:51:17.269213
01923.png,0,20.0,11.491730927015801,28.50826907298419,1.2093023250700932,2025-07-24T21:51:17.476485
01924.png,0,20.0,14.04421164891106,25.955788351088934,1.2169058912253863,2025-07-24T21:51:17.687291
01925.png,0,20.0,15.830948154237742,24.16905184576225,1.184011634904612,2025-07-24T21:51:17.905549
01926.png,1,20.0,21.58166370796642,18.418336292033576,1.2098797434512436,2025-07-24T21:51:18.133101
01927.png,0,20.0,21.107164595576492,18.8928354044235,1.2441341779915907,2025-07-24T21:51:18.341946
01928.png,0,20.0,20.775015216903544,19.22498478309645,1.2374571761922497,2025-07-24T21:51:18.562262
01929.png,0,20.0,20.54251065183248,19.457489348167513,1.2313953226285337,2025-07-24T21:51:18.783622
01930.png,-1,20.0,15.879757456282734,24.12024254371726,1.2361201904142438,2025-07-24T21:51:19.001457
01931.png,-1,20.0,12.615830219397914,27.384169780602083,1.2322995342012275,2025-07-24T21:51:19.224107
01932.png,-1,20.0,10.33108115357854,29.668918846421455,1.2295593611387448,2025-07-24T21:51:19.437982
01933.png,-1,20.0,8.731756807504977,31.268243192495017,1.2435649166883822,2025-07-24T21:51:19.654602
01934.png,-1,20.0,7.612229765253484,32.38777023474651,1.2357734713146573,2025-07-24T21:51:19.867516
01935.png,0,20.0,11.32856083567744,28.671439164322557,1.2597251691995368,2025-07-24T21:51:20.074800
01936.png,1,20.0,18.429992584974208,21.57000741502579,1.233209286742397,2025-07-24T21:51:20.282253
01937.png,1,20.0,23.400994809481944,16.59900519051805,1.2390344289788244,2025-07-24T21:51:20.507592
01938.png,0,20.0,22.38069636663736,17.619303633362634,1.2667168136598004,2025-07-24T21:51:20.717841
01939.png,0,20.0,21.666487456646152,18.33351254335384,1.2596202592471846,2025-07-24T21:51:20.948863
01940.png,0,20.0,21.166541219652306,18.833458780347687,1.2456590514107497,2025-07-24T21:51:21.172417
01941.png,-1,20.0,16.316578853756614,23.683421146243383,1.2213047828621897,2025-07-24T21:51:21.398200
01942.png,-1,20.0,12.92160519762963,27.07839480237037,1.2188082172504586,2025-07-24T21:51:21.625989
01943.png,-1,20.0,10.54512363834074,29.454876361659256,1.2147138125883064,2025-07-24T21:51:21.853838
01944.png,-1,20.0,8.881586546838518,31.118413453161477,1.2318683085598006,2025-07-24T21:51:22.091901
01945.png,-1,20.0,7.717110582786963,32.28288941721303,1.2470242001853091,2025-07-24T21:51:22.307023
01946.png,0,20.0,11.401977407950874,28.59802259204912,1.2540738016666328,2025-07-24T21:51:22.532219
01947.png,1,20.0,18.48138418556561,21.518615814434384,1.201421686448,2025-07-24T21:51:22.765586
01948.png,0,20.0,18.936968929895926,21.063031070104067,1.2016731520146395,2025-07-24T21:51:22.991126
01949.png,0,20.0,19.255878250927147,20.744121749072846,1.1899135315885605,2025-07-24T21:51:23.220311
01950.png,0,20.0,19.479114775649002,20.52088522435099,1.2096796461167822,2025-07-24T21:51:23.441392
01951.png,0,20.0,19.6353803429543,20.364619657045694,1.20837935118604,2025-07-24T21:51:23.657832
01952.png,0,20.0,19.74476624006801,20.255233759931983,1.2131938506075262,2025-07-24T21:51:23.877495
01953.png,0,20.0,19.821336368047607,20.17866363195239,1.212149124142399,2025-07-24T21:51:24.108173
01954.png,0,20.0,19.874935457633324,20.125064542366673,1.2370106179714437,2025-07-24T21:51:24.353546
01955.png,0,20.0,19.912454820343328,20.087545179656672,1.212423832582595,2025-07-24T21:51:24.569303
01956.png,0,20.0,19.93871837424033,20.06128162575967,1.212749170159706,2025-07-24T21:51:24.805171
01957.png,0,20.0,19.95710286196823,20.04289713803177,1.2120064202298557,2025-07-24T21:51:25.045022
01958.png,0,20.0,19.969972003377762,20.030027996622238,1.2179507312806614,2025-07-24T21:51:25.268154
01959.png,0,20.0,19.978980402364435,20.021019597635565,1.19920654396754,2025-07-24T21:51:25.480722
01960.png,0,20.0,19.985286281655103,20.014713718344893,1.2190751377800655,2025-07-24T21:51:25.706379
01961.png,0,20.0,19.989700397158572,20.010299602841425,1.2171570618457204,2025-07-24T21:51:25.935069
01962.png,0,20.0,19.992790278011,20.007209721988996,1.2046223132440286,2025-07-24T21:51:26.172962
01963.png,0,20.0,19.9949531946077,20.005046805392297,1.1972779267636748,2025-07-24T21:51:26.402366
01964.png,0,20.0,19.99646723622539,20.003532763774608,1.2154165514968218,2025-07-24T21:51:26.643304
01965.png,0,20.0,19.997527065357772,20.002472934642224,1.210287465857626,2025-07-24T21:51:26.878704
01966.png,0,20.0,19.99826894575044,20.001731054249554,1.2197282839872117,2025-07-24T21:51:27.119518
01967.png,0,20.0,19.998788262025307,20.001211737974685,1.2166991734554609,2025-07-24T21:51:27.359217
01968.png,-1,20.0,15.499151783417714,24.500848216582277,1.1791267776031917,2025-07-24T21:51:27.601724
01969.png,0,20.0,16.8494062483924,23.15059375160759,1.169159421907918,2025-07-24T21:51:27.843616
01970.png,-1,20.0,13.294584373874677,26.705415626125312,1.1823370552662844,2025-07-24T21:51:28.107777
01971.png,0,20.0,15.306209061712273,24.693790938287716,1.1642095642585477,2025-07-24T21:51:28.346148
01972.png,0,20.0,16.714346343198592,23.2856536568014,1.1727242146564938,2025-07-24T21:51:28.598560
01973.png,0,20.0,17.700042440239013,22.29995755976098,1.160881277809604,2025-07-24T21:51:28.883331
01974.png,0,20.0,18.390029708167308,21.609970291832685,1.1716805238278454,2025-07-24T21:51:29.172114
01975.png,0,20.0,18.873020795717117,21.12697920428288,1.174226184499588,2025-07-24T21:51:29.464201
01976.png,0,20.0,19.21111455700198,20.788885442998016,1.1998359921615274,2025-07-24T21:51:29.755070
01977.png,0,20.0,19.447780189901387,20.55221981009861,1.187606226374925,2025-07-24T21:51:30.049034
01978.png,0,20.0,19.61344613293097,20.386553867069026,1.2175128308398158,2025-07-24T21:51:30.339914
01979.png,1,20.0,24.22941229305168,15.770587706948318,1.2354978510306263,2025-07-24T21:51:30.619863
01980.png,0,20.0,22.960588605136174,17.03941139486382,1.2242003321024335,2025-07-24T21:51:30.894311
01981.png,0,20.0,22.07241202359532,17.927587976404673,1.255002230138886,2025-07-24T21:51:31.176098
01982.png,0,20.0,21.450688416516723,18.54931158348327,1.2448393053888216,2025-07-24T21:51:31.457000
01983.png,0,20.0,21.015481891561706,18.984518108438287,1.2594309564119608,2025-07-24T21:51:31.732982
01984.png,0,20.0,20.71083732409319,19.289162675906802,1.2521797527214573,2025-07-24T21:51:32.015160
01985.png,0,20.0,20.497586126865233,19.50241387313476,1.2258707324883238,2025-07-24T21:51:32.294587
01986.png,0,20.0,20.348310288805664,19.65168971119433,1.226557973687292,2025-07-24T21:51:32.575339
01987.png,0,20.0,20.243817202163964,19.75618279783603,1.2120994844270676,2025-07-24T21:51:32.856673
01988.png,0,20.0,20.170672041514774,19.82932795848522,1.2136879153344082,2025-07-24T21:51:33.153428
01989.png,0,20.0,20.119470429060343,19.88052957093965,1.221070430415886,2025-07-24T21:51:33.444925
01990.png,0,20.0,20.08362930034224,19.916370699657755,1.2229171252932038,2025-07-24T21:51:33.727058
01991.png,0,20.0,20.058540510239567,19.941459489760426,1.2151772246260184,2025-07-24T21:51:34.004529
01992.png,0,20.0,20.040978357167695,19.959021642832298,1.2147330527980973,2025-07-24T21:51:34.281595
01993.png,0,20.0,20.028684850017385,19.97131514998261,1.2180425688834353,2025-07-24T21:51:34.577972
01994.png,0,20.0,20.020079395012168,19.979920604987825,1.2192200065140646,2025-07-24T21:51:34.859564
01995.png,0,20.0,20.014055576508518,19.985944423491475,1.210183570114463,2025-07-24T21:51:35.149439
01996.png,0,20.0,20.00983890355596,19.990161096444034,1.2222580226039936,2025-07-24T21:51:35.427993
01997.png,-1,20.0,15.50688723248917,24.493112767510823,1.2136043803776448,2025-07-24T21:51:35.711614
01998.png,-1,20.0,12.354821062742419,27.645178937257576,1.1924401992164406,2025-07-24T21:51:35.996318
01999.png,0,20.0,14.648374743919693,25.3516252560803,1.2025120313712498,2025-07-24T21:51:36.269927
02000.png,0,20.0,16.253862320743785,23.746137679256208,1.2084528343951326,2025-07-24T21:51:36.552184
02001.png,0,20.0,17.37770362452065,22.622296375479344,1.1892608780042044,2025-07-24T21:51:36.829389
02002.png,0,20.0,18.164392537164453,21.83560746283554,1.1840965581116139,2025-07-24T21:51:37.095814
02003.png,0,20.0,18.715074776015115,21.284925223984878,1.1637708289835889,2025-07-24T21:51:37.366034
02004.png,0,20.0,19.10055234321058,20.899447656789413,1.1734785407118888,2025-07-24T21:51:37.646428
02005.png,0,20.0,19.370386640247403,20.62961335975259,1.1930729638475646,2025-07-24T21:51:37.922368
02006.png,0,20.0,19.559270648173182,20.44072935182681,1.2048153051492902,2025-07-24T21:51:38.205514
02007.png,0,20.0,19.691489453721225,20.308510546278768,1.2051607704818834,2025-07-24T21:51:38.485980
02008.png,0,20.0,19.784042617604857,20.21595738239514,1.2073355635343672,2025-07-24T21:51:38.777349
02009.png,0,20.0,19.8488298323234,20.151170167676597,1.226173362650535,2025-07-24T21:51:39.058044
02010.png,0,20.0,19.89418088262638,20.105819117373617,1.218437094004071,2025-07-24T21:51:39.342399
02011.png,0,20.0,19.925926617838464,20.07407338216153,1.218451404110072,2025-07-24T21:51:39.619038
02012.png,0,20.0,19.948148632486923,20.05185136751307,1.2166418690134377,2025-07-24T21:51:39.898690
02013.png,0,20.0,19.963704042740844,20.03629595725915,1.2183039159969626,2025-07-24T21:51:40.166476
02014.png,0,20.0,19.974592829918592,20.0254071700814,1.2160030455420543,2025-07-24T21:51:40.429962
02015.png,1,20.0,24.482214980943013,15.51778501905698,1.2485429158655266,2025-07-24T21:51:40.701296
02016.png,0,20.0,23.137550486660107,16.862449513339886,1.2624147988967402,2025-07-24T21:51:40.987722
02017.png,0,20.0,22.196285340662072,17.80371465933792,1.28116627489226,2025-07-24T21:51:41.315005
02018.png,1,20.0,26.03739973846345,13.962600261536544,1.2946800692081104,2025-07-24T21:51:41.582596
02019.png,0,20.0,24.226179816924414,15.77382018307558,1.3224149877330107,2025-07-24T21:51:41.880886
02020.png,0,20.0,22.958325871847087,17.041674128152906,1.3189608711526095,2025-07-24T21:51:42.154140
02021.png,0,20.0,22.07082811029296,17.929171889707035,1.3048683669420904,2025-07-24T21:51:42.444170
02022.png,0,20.0,21.449579677205072,18.550420322794924,1.29152648707196,2025-07-24T21:51:42.729851
02023.png,0,20.0,21.01470577404355,18.985294225956444,1.2533468787220148,2025-07-24T21:51:43.008216
02024.png,0,20.0,20.710294041830483,19.28970595816951,1.2212517822552036,2025-07-24T21:51:43.281186
02025.png,0,20.0,20.497205829281338,19.50279417071866,1.2297405975393811,2025-07-24T21:51:43.575571
02026.png,0,20.0,20.348044080496933,19.65195591950306,1.2154700304029922,2025-07-24T21:51:43.863434
02027.png,0,20.0,20.243630856347853,19.75636914365214,1.2184795999748441,2025-07-24T21:51:44.139597
02028.png,0,20.0,20.170541599443496,19.829458400556497,1.2257168344611746,2025-07-24T21:51:44.421318
02029.png,0,20.0,20.119379119610446,19.880620880389547,1.2146336895924548,2025-07-24T21:51:44.703278
02030.png,0,20.0,20.08356538372731,19.91643461627268,1.2176183964425757,2025-07-24T21:51:44.978869
02031.png,0,20.0,20.058495768609117,19.941504231390876,1.2283464282127063,2025-07-24T21:51:45.259060
02032.png,0,20.0,20.04094703802638,19.95905296197361,1.2067124671660867,2025-07-24T21:51:45.542200
02033.png,0,20.0,20.028662926618466,19.971337073381527,1.2160541890831567,2025-07-24T21:51:45.818436
02034.png,0,20.0,20.020064048632925,19.979935951367068,1.2168987512696132,2025-07-24T21:51:46.100560
02035.png,0,20.0,20.014044834043048,19.985955165956945,1.2180328154721658,2025-07-24T21:51:46.381046
02036.png,-1,20.0,15.509831383830132,24.49016861616986,1.2131043476161278,2025-07-24T21:51:46.669651
02037.png,0,20.0,16.856881968681094,23.143118031318902,1.2093538929970518,2025-07-24T21:51:46.955356
02038.png,0,20.0,17.799817378076767,22.20018262192323,1.1970447014878374,2025-07-24T21:51:47.247474
02039.png,0,20.0,18.45987216465374,21.54012783534626,1.174891390418088,2025-07-24T21:51:47.528628
02040.png,0,20.0,18.921910515257615,21.07808948474238,1.1696543439966112,2025-07-24T21:51:47.809879
02041.png,0,20.0,19.24533736068033,20.754662639319665,1.1818541379024565,2025-07-24T21:51:48.089550
02042.png,0,20.0,19.471736152476232,20.528263847523764,1.202949113771869,2025-07-24T21:51:48.367570
02043.png,0,20.0,19.630215306733362,20.369784693266634,1.2113203735735085,2025-07-24T21:51:48.637189
02044.png,0,20.0,19.741150714713353,20.258849285286644,1.217924403988911,2025-07-24T21:51:48.918328
02045.png,0,20.0,19.818805500299348,20.181194499700652,1.2030580197883427,2025-07-24T21:51:49.199721
02046.png,0,20.0,19.873163850209544,20.126836149790456,1.209260858575362,2025-07-24T21:51:49.473833
02047.png,0,20.0,19.91121469514668,20.088785304853317,1.206781714291909,2025-07-24T21:51:49.767256
02048.png,0,20.0,19.937850286602675,20.06214971339732,1.2096526010401383,2025-07-24T21:51:50.043269
02049.png,0,20.0,19.956495200621873,20.043504799378123,1.2078296554699495,2025-07-24T21:51:50.318224
02050.png,0,20.0,19.96954664043531,20.030453359564685,1.2197073385644757,2025-07-24T21:51:50.581161
02051.png,0,20.0,19.97868264830472,20.02131735169528,1.219146359138469,2025-07-24T21:51:50.849592
02052.png,0,20.0,19.9850778538133,20.014922146186695,1.2188206763586704,2025-07-24T21:51:51.117257
02053.png,0,20.0,19.98955449766931,20.010445502330686,1.2094017620846444,2025-07-24T21:51:51.397087
02054.png,0,20.0,19.992688148368515,20.007311851631478,1.2177313717485356,2025-07-24T21:51:51.679891
02055.png,0,20.0,19.99488170385796,20.005118296142033,1.2126861618709535,2025-07-24T21:51:51.944062
02056.png,0,20.0,19.99641719270057,20.003582807299424,1.2133020368156688,2025-07-24T21:51:52.220823
02057.png,0,20.0,19.9974920348904,20.002507965109594,1.2205644168534084,2025-07-24T21:51:52.490789
02058.png,0,20.0,19.998244424423277,20.001755575576716,1.2145519892785381,2025-07-24T21:51:52.768030
02059.png,0,20.0,19.998771097096295,20.001228902903698,1.213677832498816,2025-07-24T21:51:53.040452
02060.png,0,20.0,19.999139767967407,20.000860232032586,1.2178086389958642,2025-07-24T21:51:53.321560
02061.png,0,20.0,19.999397837577185,20.00060216242281,1.2236026616944964,2025-07-24T21:51:53.602346
02062.png,0,20.0,19.999578486304028,20.000421513695965,1.2190345657222343,2025-07-24T21:51:53.877725
02063.png,0,20.0,19.99970494041282,20.000295059587174,1.2147660113616725,2025-07-24T21:51:54.146485
02064.png,0,20.0,19.999793458288973,20.000206541711023,1.219923029771378,2025-07-24T21:51:54.428430
02065.png,0,20.0,19.99985542080228,20.000144579197716,1.2241972705833393,2025-07-24T21:51:54.704593
02066.png,0,20.0,19.999898794561595,20.000101205438398,1.2169962961139915,2025-07-24T21:51:54.972434
02067.png,0,20.0,19.999929156193115,20.000070843806878,1.214583058889784,2025-07-24T21:51:55.241558
02068.png,0,20.0,19.999950409335177,20.000049590664815,1.212544247046018,2025-07-24T21:51:55.518386
02069.png,0,20.0,19.999965286534625,20.000034713465368,1.2190758908970043,2025-07-24T21:51:55.803942
02070.png,0,20.0,19.999975700574236,20.000024299425757,1.2141190975082614,2025-07-24T21:51:56.080542
02071.png,0,20.0,19.999982990401964,20.00001700959803,1.2144164872005987,2025-07-24T21:51:56.347443
02072.png,0,20.0,19.999988093281374,20.00001190671862,1.2168796724766662,2025-07-24T21:51:56.610760
02073.png,0,20.0,19.99999166529696,20.000008334703033,1.2186282296457336,2025-07-24T21:51:56.887628
02074.png,0,20.0,19.99999416570787,20.00000583429212,1.2127171647947088,2025-07-24T21:51:57.159374
02075.png,0,20.0,19.99999591599551,20.000004084004484,1.21934449269601,2025-07-24T21:51:57.444371
02076.png,0,20.0,19.999997141196857,20.000002858803136,1.2241931415528782,2025-07-24T21:51:57.726168
02077.png,0,20.0,19.9999979988378,20.000002001162194,1.2223323974706426,2025-07-24T21:51:58.001615
02078.png,0,20.0,19.99999859918646,20.000001400813535,1.2171929198869282,2025-07-24T21:51:58.263837
02079.png,0,20.0,19.99999901943052,20.000000980569475,1.2145647574287415,2025-07-24T21:51:58.545867
02080.png,0,20.0,19.999999313601364,20.00000068639863,1.2157639620577845,2025-07-24T21:51:58.813752
02081.png,0,20.0,19.999999519520955,20.000000480479038,1.2204749796143242,2025-07-24T21:51:59.081330
02082.png,0,20.0,19.999999663664667,20.000000336335326,1.220999900038969,2025-07-24T21:51:59.346979
02083.png,0,20.0,19.999999764565267,20.000000235434726,1.217145172769274,2025-07-24T21:51:59.616642
02084.png,0,20.0,19.999999835195688,20.000000164804305,1.2113640596058115,2025-07-24T21:51:59.893551
02085.png,0,20.0,19.99999988463698,20.000000115363015,1.2252989665054181,2025-07-24T21:52:00.163180
02086.png,0,20.0,19.999999919245887,20.00000008075411,1.2169192714396448,2025-07-24T21:52:00.439813
02087.png,0,20.0,19.99999994347212,20.000000056527874,1.2154444023146231,2025-07-24T21:52:00.716800
02088.png,0,20.0,19.999999960430483,20.00000003956951,1.2194991396484725,2025-07-24T21:52:00.987223
02089.png,0,20.0,19.99999997230134,20.000000027698654,1.2184832952551754,2025-07-24T21:52:01.264782
02090.png,0,20.0,19.999999980610937,20.000000019389056,1.2198576648872566,2025-07-24T21:52:01.533792
02091.png,0,20.0,19.999999986427653,20.00000001357234,1.2160429416277925,2025-07-24T21:52:01.811320
02092.png,0,20.0,19.999999990499354,20.00000000950064,1.210746835459328,2025-07-24T21:52:02.095561
02093.png,0,20.0,19.999999993349547,20.000000006650446,1.211489760144493,2025-07-24T21:52:02.357968
02094.png,0,20.0,19.99999999534468,20.000000004655313,1.214880073895536,2025-07-24T21:52:02.630072
02095.png,0,20.0,19.999999996741273,20.00000000325872,1.2154448486979323,2025-07-24T21:52:02.892690
02096.png,0,20.0,19.99999999771889,20.000000002281105,1.2203791910297404,2025-07-24T21:52:03.174634
02097.png,0,20.0,19.999999998403226,20.000000001596774,1.2217434534959604,2025-07-24T21:52:03.451787
02098.png,0,20.0,19.99999999888226,20.00000000111774,1.223400285878898,2025-07-24T21:52:03.724903
02099.png,0,20.0,19.99999999921758,20.000000000782418,1.2129782145132153,2025-07-24T21:52:04.004049
02100.png,0,20.0,19.999999999452307,20.000000000547693,1.2134556522713964,2025-07-24T21:52:04.280953
02101.png,0,20.0,19.999999999616612,20.000000000383384,1.2165774663950555,2025-07-24T21:52:04.547958
02102.png,0,20.0,19.999999999731628,20.00000000026837,1.2193561694704176,2025-07-24T21:52:04.828740
02103.png,0,20.0,19.99999999981214,20.000000000187857,1.2131944060744402,2025-07-24T21:52:05.095617
02104.png,0,20.0,19.999999999868496,20.0000000001315,1.2146693920712066,2025-07-24T21:52:05.367077
02105.png,0,20.0,19.99999999990795,20.00000000009205,1.2148020631002605,2025-07-24T21:52:05.645512
02106.png,0,20.0,19.999999999935564,20.000000000064432,1.2222631043372671,2025-07-24T21:52:05.908325
02107.png,0,20.0,19.999999999954895,20.0000000000451,1.2122302183155027,2025-07-24T21:52:06.182911
02108.png,0,20.0,19.999999999968423,20.00000000003157,1.2248724601440526,2025-07-24T21:52:06.458211
02109.png,0,20.0,19.999999999977895,20.000000000022098,1.212791407498258,2025-07-24T21:52:06.733923
02110.png,0,20.0,19.999999999984524,20.00000000001547,1.2177132295461686,2025-07-24T21:52:07.003155
02111.png,0,20.0,19.999999999989164,20.00000000001083,1.2180863373951547,2025-07-24T21:52:07.283808
02112.png,0,20.0,19.999999999992415,20.00000000000758,1.2178465532055573,2025-07-24T21:52:07.567293
02113.png,0,20.0,19.999999999994692,20.000000000005308,1.214459486113252,2025-07-24T21:52:07.841885
02114.png,0,20.0,19.999999999996284,20.000000000003716,1.217153015325814,2025-07-24T21:52:08.115143
02115.png,0,20.0,19.9999999999974,20.0000000000026,1.2113614336624456,2025-07-24T21:52:08.389407
02116.png,0,20.0,19.99999999999818,20.00000000000182,1.2186867076283006,2025-07-24T21:52:08.675079
02117.png,0,20.0,19.999999999998728,20.000000000001272,1.2243213410005114,2025-07-24T21:52:08.951259
02118.png,0,20.0,19.99999999999911,20.000000000000888,1.2181775914687911,2025-07-24T21:52:09.221221
02119.png,0,20.0,19.999999999999375,20.000000000000618,1.2219198413958818,2025-07-24T21:52:09.495403
02120.png,0,20.0,19.99999999999956,20.000000000000433,1.2138186945334963,2025-07-24T21:52:09.763092
02121.png,0,20.0,19.99999999999969,20.000000000000302,1.2139222515138852,2025-07-24T21:52:10.035736
02122.png,1,20.0,24.499999999999783,15.50000000000021,1.242990897996301,2025-07-24T21:52:10.303590
02123.png,0,20.0,23.149999999999846,16.850000000000144,1.2743053542543419,2025-07-24T21:52:10.567351
02124.png,0,20.0,22.20499999999989,17.7950000000001,1.2798095625702552,2025-07-24T21:52:10.836632
02125.png,0,20.0,21.543499999999923,18.45650000000007,1.2633495130270858,2025-07-24T21:52:11.111411
02126.png,0,20.0,21.080449999999946,18.919550000000047,1.252931994379816,2025-07-24T21:52:11.390814
02127.png,0,20.0,20.75631499999996,19.243685000000035,1.2306729025880991,2025-07-24T21:52:11.684869
02128.png,0,20.0,20.529420499999972,19.470579500000024,1.2322403711539058,2025-07-24T21:52:11.951379
02129.png,0,20.0,20.37059434999998,19.629405650000017,1.2190241445031922,2025-07-24T21:52:12.225054
02130.png,0,20.0,20.259416044999984,19.740583955000012,1.227735333644043,2025-07-24T21:52:12.503635
02131.png,0,20.0,20.181591231499986,19.818408768500007,1.220013447162011,2025-07-24T21:52:12.770096
02132.png,0,20.0,20.12711386204999,19.872886137950005,1.2137189335983425,2025-07-24T21:52:13.042583
02133.png,0,20.0,20.08897970343499,19.911020296565002,1.2219852986704969,2025-07-24T21:52:13.317643
02134.png,0,20.0,20.06228579240449,19.9377142075955,1.2122048400611802,2025-07-24T21:52:13.583953
02135.png,0,20.0,20.043600054683143,19.95639994531685,1.2101127213279728,2025-07-24T21:52:13.853082
02136.png,0,20.0,20.030520038278198,19.969479961721795,1.227470710995419,2025-07-24T21:52:14.125771
02137.png,0,20.0,20.021364026794735,19.978635973205257,1.227893478064794,2025-07-24T21:52:14.390947
02138.png,0,20.0,20.014954818756316,19.985045181243677,1.2326839888391252,2025-07-24T21:52:14.662084
02139.png,0,20.0,20.01046837312942,19.989531626870573,1.2114685733570778,2025-07-24T21:52:14.927251
02140.png,0,20.0,20.007327861190593,19.9926721388094,1.2116290647680763,2025-07-24T21:52:15.190124
02141.png,0,20.0,20.005129502833412,19.99487049716658,1.2100736622069475,2025-07-24T21:52:15.472515
02142.png,0,20.0,20.003590651983387,19.996409348016606,1.2320702480337338,2025-07-24T21:52:15.739833
02143.png,0,20.0,20.00251345638837,19.997486543611622,1.2057480764924684,2025-07-24T21:52:15.992128
02144.png,0,20.0,20.00175941947186,19.998240580528133,1.2191893726932341,2025-07-24T21:52:16.250431
02145.png,0,20.0,20.0012315936303,19.99876840636969,1.2191896467080068,2025-07-24T21:52:16.513449
02146.png,0,20.0,20.00086211554121,19.999137884458783,1.2176959183431437,2025-07-24T21:52:16.784508
02147.png,0,20.0,20.000603480878844,19.99939651912115,1.2016474452446757,2025-07-24T21:52:17.048095
02148.png,0,20.0,20.00042243661519,19.999577563384804,1.2287333983151612,2025-07-24T21:52:17.315911
02149.png,0,20.0,20.00029570563063,19.999704294369362,1.231282204341593,2025-07-24T21:52:17.564844
02150.png,0,20.0,20.00020699394144,19.999793006058553,1.217774053807675,2025-07-24T21:52:17.819075
02151.png,0,20.0,20.000144895759007,19.999855104240986,1.2300128161765667,2025-07-24T21:52:18.079799
02152.png,0,20.0,20.000101427031304,19.99989857296869,1.216065882126396,2025-07-24T21:52:18.347905
02153.png,0,20.0,20.000070998921913,19.99992900107808,1.2104399394310552,2025-07-24T21:52:18.592882
02154.png,0,20.0,20.000049699245338,19.999950300754655,1.2196151872469423,2025-07-24T21:52:18.845853
02155.png,0,20.0,20.000034789471734,19.99996521052826,1.2203461651165703,2025-07-24T21:52:19.101021
02156.png,0,20.0,20.000024352630213,19.99997564736978,1.228633517347051,2025-07-24T21:52:19.361772
02157.png,0,20.0,20.000017046841148,19.999982953158845,1.2161218501791522,2025-07-24T21:52:19.607749
02158.png,0,20.0,20.0000119327888,19.99998806721119,1.2168507265258504,2025-07-24T21:52:19.858352
02159.png,0,20.0,20.000008352952158,19.999991647047835,1.2114890479815257,2025-07-24T21:52:20.116927
02160.png,0,20.0,20.00000584706651,19.999994152933482,1.228365027302481,2025-07-24T21:52:20.366381
02161.png,0,20.0,20.000004092946554,19.99999590705344,1.2237421381025033,2025-07-24T21:52:20.608435
02162.png,-1,20.0,15.500002865062587,24.499997134937406,1.209237432658864,2025-07-24T21:52:20.847744
02163.png,0,20.0,16.85000200554381,23.149997994456182,1.1897994177727904,2025-07-24T21:52:21.115771
02164.png,-1,20.0,13.295001403880667,26.704998596119328,1.1766691156276898,2025-07-24T21:52:21.369849
02165.png,0,20.0,15.306500982716466,24.69349901728353,1.1847945159301676,2025-07-24T21:52:21.622949
02166.png,0,20.0,16.714550687901525,23.285449312098468,1.1479298758967307,2025-07-24T21:52:21.888904
02167.png,0,20.0,17.700185481531065,22.299814518468928,1.1349943264684883,2025-07-24T21:52:22.141225
02168.png,0,20.0,18.390129837071747,21.609870162928246,1.1456175534258715,2025-07-24T21:52:22.394859
02169.png,0,20.0,18.873090885950223,21.126909114049774,1.1645419832653465,2025-07-24T21:52:22.639963
02170.png,0,20.0,19.211163620165156,20.78883637983484,1.1921934666683283,2025-07-24T21:52:22.901725
02171.png,0,20.0,19.447814534115608,20.552185465884385,1.1925914665538253,2025-07-24T21:52:23.144043
02172.png,0,20.0,19.613470173880927,20.386529826119066,1.2086826376232236,2025-07-24T21:52:23.393902
02173.png,0,20.0,19.72942912171665,20.270570878283344,1.1997144079419602,2025-07-24T21:52:23.638922
02174.png,0,20.0,19.810600385201653,20.18939961479834,1.2170442890496047,2025-07-24T21:52:23.889547
02175.png,1,20.0,24.36742026964116,15.632579730358836,1.230910019170048,2025-07-24T21:52:24.131435
02176.png,0,20.0,23.05719418874881,16.942805811251183,1.2670256542831866,2025-07-24T21:52:24.368968
02177.png,0,20.0,22.140035932124167,17.85996406787583,1.2728233867863181,2025-07-24T21:52:24.603447
02178.png,0,20.0,21.498025152486917,18.50197484751308,1.261864581691449,2025-07-24T21:52:24.832390
02179.png,0,20.0,21.04861760674084,18.951382393259152,1.2466966005097817,2025-07-24T21:52:25.067367
02180.png,0,20.0,20.734032324718587,19.265967675281406,1.2313051324747097,2025-07-24T21:52:25.287375
02181.png,0,20.0,20.51382262730301,19.486177372696986,1.2122442351986433,2025-07-24T21:52:25.516734
02182.png,0,20.0,20.359675839112107,19.64032416088789,1.2241112037013777,2025-07-24T21:52:25.739415
02183.png,0,20.0,20.251773087378474,19.748226912621522,1.2273816257121055,2025-07-24T21:52:25.967816
02184.png,0,20.0,20.17624116116493,19.823758838835065,1.2200365331977934,2025-07-24T21:52:26.198968
02185.png,0,20.0,20.12336881281545,19.876631187184543,1.2174972100943857,2025-07-24T21:52:26.412984
02186.png,0,20.0,20.08635816897081,19.91364183102918,1.2189634011413226,2025-07-24T21:52:26.646143
02187.png,0,20.0,20.06045071827957,19.939549281720424,1.2123227672724983,2025-07-24T21:52:26.880370
02188.png,-1,20.0,15.542315502795697,24.457684497204298,1.1923857305775125,2025-07-24T21:52:27.103240
02189.png,0,20.0,16.879620851956986,23.120379148043007,1.17846638157659,2025-07-24T21:52:27.337700
02190.png,-1,20.0,13.31573459636989,26.684265403630103,1.188292629323982,2025-07-24T21:52:27.582908
02191.png,-1,20.0,10.821014217458922,29.178985782541073,1.188063030131264,2025-07-24T21:52:27.842145
02192.png,0,20.0,13.574709952221244,26.42529004777875,1.18356669503285,2025-07-24T21:52:28.080557
02193.png,0,20.0,15.502296966554871,24.497703033445124,1.1619123753256175,2025-07-24T21:52:28.332629
02194.png,0,20.0,16.85160787658841,23.148392123411586,1.152625891312613,2025-07-24T21:52:28.570291
02195.png,0,20.0,17.796125513611887,22.20387448638811,1.1595807809526713,2025-07-24T21:52:28.804689
02196.png,0,20.0,18.45728785952832,21.542712140471675,1.1660506114420535,2025-07-24T21:52:29.044988
02197.png,0,20.0,18.920101501669826,21.079898498330174,1.1774016022439664,2025-07-24T21:52:29.313510
02198.png,0,20.0,19.244071051168877,20.75592894883112,1.1899341052908252,2025-07-24T21:52:29.541219
02199.png,0,20.0,19.470849735818213,20.52915026418178,1.1938964346767722,2025-07-24T21:52:29.774147
02200.png,0,20.0,19.62959481507275,20.370405184927243,1.2130458545078129,2025-07-24T21:52:29.998483
02201.png,0,20.0,19.740716370550924,20.25928362944907,1.2108121069920128,2025-07-24T21:52:30.240332
02202.png,-1,20.0,15.318501459385645,24.68149854061435,1.2151802412905799,2025-07-24T21:52:30.464411
02203.png,-1,20.0,12.222951021569951,27.77704897843004,1.2243203953452602,2025-07-24T21:52:30.693224
02204.png,0,20.0,14.556065715098965,25.44393428490103,1.2318818165901453,2025-07-24T21:52:30.916183
02205.png,0,20.0,16.189246000569277,23.81075399943072,1.2199259258442694,2025-07-24T21:52:31.162148
02206.png,0,20.0,17.33247220039849,22.6675277996015,1.1928364201488546,2025-07-24T21:52:31.397534
02207.png,0,20.0,18.132730540278942,21.86726945972105,1.1830523748493087,2025-07-24T21:52:31.636225
02208.png,0,20.0,18.69291137819526,21.307088621804734,1.1551943087817131,2025-07-24T21:52:31.867404
02209.png,-1,20.0,14.58503796473668,25.414962035263315,1.1700567079965551,2025-07-24T21:52:32.091724
02210.png,-1,20.0,11.709526575315675,28.29047342468432,1.1989321534097692,2025-07-24T21:52:32.316720
02211.png,0,20.0,14.196668602720973,25.80333139727902,1.2053008686676272,2025-07-24T21:52:32.541897
02212.png,-1,20.0,11.43766802190468,28.56233197809531,1.206092776051098,2025-07-24T21:52:32.773593
02213.png,-1,20.0,9.506367615333275,30.493632384666718,1.2249791697375731,2025-07-24T21:52:33.000555
02214.png,0,20.0,12.654457330733292,27.345542669266703,1.2250050854792371,2025-07-24T21:52:33.230325
02215.png,-1,20.0,10.358120131513305,29.64187986848669,1.2323594509972942,2025-07-24T21:52:33.464050
02216.png,-1,20.0,8.750684092059313,31.24931590794068,1.2550145048223034,2025-07-24T21:52:33.692734
02217.png,0,20.0,12.125478864441519,27.874521135558474,1.2635651824112621,2025-07-24T21:52:33.932930
02218.png,0,20.0,14.487835205109063,25.512164794890932,1.261903818768244,2025-07-24T21:52:34.157912
02219.png,0,20.0,16.14148464357634,23.858515356423652,1.236918321930004,2025-07-24T21:52:34.385123
02220.png,0,20.0,17.299039250503437,22.700960749496556,1.219165040906128,2025-07-24T21:52:34.633860
02221.png,-1,20.0,13.609327475352405,26.390672524647588,1.2079253761213253,2025-07-24T21:52:34.867524
02222.png,-1,20.0,11.026529232746682,28.97347076725331,1.2144222181708952,2025-07-24T21:52:35.091796
02223.png,-1,20.0,9.218570462922678,30.781429537077315,1.2176342216307958,2025-07-24T21:52:35.320104
02224.png,-1,20.0,7.952999324045874,32.04700067595412,1.2276767492122314,2025-07-24T21:52:35.555397
02225.png,-1,20.0,7.067099526832111,32.932900473167884,1.2360628740238069,2025-07-24T21:52:35.787048
02226.png,-1,20.0,6.446969668782478,33.55303033121751,1.225505686115932,2025-07-24T21:52:36.000293
02227.png,-1,20.0,6.012878768147734,33.98712123185226,1.2544563185175575,2025-07-24T21:52:36.215174
02228.png,0,20.0,10.209015137703414,29.79098486229658,1.2760080078811553,2025-07-24T21:52:36.440427
02229.png,0,20.0,13.14631059639239,26.853689403607603,1.2822150565159145,2025-07-24T21:52:36.653672
02230.png,0,20.0,15.202417417474672,24.797582582525322,1.271319595164432,2025-07-24T21:52:36.878412
02231.png,1,20.0,21.14169219223227,18.858307807767723,1.260009355571819,2025-07-24T21:52:37.092514
02232.png,0,20.0,20.79918453456259,19.200815465437405,1.2197478207181218,2025-07-24T21:52:37.321822
02233.png,0,20.0,20.55942917419381,19.440570825806184,1.2240373878573867,2025-07-24T21:52:37.559204
02234.png,0,20.0,20.391600421935664,19.60839957806433,1.2230901529005078,2025-07-24T21:52:37.797467
02235.png,-1,20.0,15.774120295354964,24.22587970464503,1.2271725135381997,2025-07-24T21:52:38.029706
02236.png,-1,20.0,12.541884206748474,27.45811579325152,1.2442994930760232,2025-07-24T21:52:38.273681
02237.png,-1,20.0,10.279318944723931,29.720681055276064,1.2479116901020464,2025-07-24T21:52:38.494809
02238.png,-1,20.0,8.69552326130675,31.304476738693243,1.247084836241141,2025-07-24T21:52:38.722644
02239.png,-1,20.0,7.586866282914725,32.41313371708527,1.2660252406599726,2025-07-24T21:52:38.947248
02240.png,0,20.0,11.310806398040306,28.68919360195969,1.2712640732846097,2025-07-24T21:52:39.172932
02241.png,1,20.0,18.417564478628215,21.58243552137178,1.1919178065461988,2025-07-24T21:52:39.402792
02242.png,0,20.0,18.89229513503975,21.107704864960247,1.195958459038543,2025-07-24T21:52:39.632335
02243.png,0,20.0,19.224606594527824,20.775393405472173,1.2062463335318943,2025-07-24T21:52:39.857921
02244.png,0,20.0,19.457224616169476,20.54277538383052,1.201653526281636,2025-07-24T21:52:40.093270
02245.png,0,20.0,19.620057231318633,20.379942768681364,1.2091235935734133,2025-07-24T21:52:40.293763
02246.png,0,20.0,19.734040061923043,20.265959938076954,1.2038377330182577,2025-07-24T21:52:40.517958
02247.png,-1,20.0,15.31382804334613,24.686171956653865,1.1916396471507145,2025-07-24T21:52:40.745846
02248.png,-1,20.0,12.21967963034229,27.780320369657705,1.1876165190879222,2025-07-24T21:52:40.966814
02249.png,0,20.0,14.553775741239603,25.44622425876039,1.1900040004266932,2025-07-24T21:52:41.206381
02250.png,0,20.0,16.18764301886772,23.81235698113227,1.1932956754777546,2025-07-24T21:52:41.434421
02251.png,0,20.0,17.331350113207407,22.66864988679259,1.1547721178977344,2025-07-24T21:52:41.661901
02252.png,1,20.0,22.631945079245185,17.368054920754812,1.1791876846652383,2025-07-24T21:52:41.891283
02253.png,1,20.0,26.342361555471626,13.657638444528368,1.2288455685462454,2025-07-24T21:52:42.137423
02254.png,1,20.0,28.939653088830138,11.060346911169857,1.2601821053972333,2025-07-24T21:52:42.372064
02255.png,1,20.0,30.757757162181097,9.2422428378189,1.2983424850644074,2025-07-24T21:52:42.595233
02256.png,0,20.0,27.530430013526768,12.469569986473228,1.3377883429573647,2025-07-24T21:52:42.824882
02257.png,0,20.0,25.271301009468736,14.728698990531258,1.3389813777206465,2025-07-24T21:52:43.059286
02258.png,-1,20.0,19.189910706628115,20.81008929337188,1.2545558657927045,2025-07-24T21:52:43.298947
02259.png,-1,20.0,14.93293749463968,25.067062505360315,1.2147110200616023,2025-07-24T21:52:43.538229
02260.png,-1,20.0,11.953056246247774,28.04694375375222,1.2184663946561087,2025-07-24T21:52:43.766488
02261.png,-1,20.0,9.867139372373442,30.132860627626552,1.2553889356328087,2025-07-24T21:52:43.993478
02262.png,-1,20.0,8.40699756066141,31.593002439338587,1.2781660523822267,2025-07-24T21:52:44.214799
02263.png,0,20.0,11.884898292462985,28.11510170753701,1.3050167081098643,2025-07-24T21:52:44.441689
02264.png,0,20.0,14.319428804724089,25.680571195275906,1.2948505016661633,2025-07-24T21:52:44.670907
02265.png,0,20.0,16.02360016330686,23.976399836693133,1.2377271787845816,2025-07-24T21:52:44.889304
02266.png,0,20.0,17.2165201143148,22.783479885685193,1.1653010407310431,2025-07-24T21:52:45.112979
02267.png,0,20.0,18.05156408002036,21.948435919979634,1.1613002689647869,2025-07-24T21:52:45.324948
02268.png,0,20.0,18.636094856014253,21.363905143985743,1.1641145220659859,2025-07-24T21:52:45.538160
02269.png,0,20.0,19.04526639920998,20.95473360079002,1.179632371284019,2025-07-24T21:52:45.762650
02270.png,0,20.0,19.331686479446986,20.668313520553014,1.1995441950668468,2025-07-24T21:52:45.982143
02271.png,0,20.0,19.532180535612888,20.46781946438711,1.1950307956843604,2025-07-24T21:52:46.189757
02272.png,0,20.0,19.67252637492902,20.327473625070976,1.206031639002322,2025-07-24T21:52:46.416763
02273.png,0,20.0,19.770768462450313,20.22923153754968,1.2090447731770744,2025-07-24T21:52:46.634004
02274.png,-1,20.0,15.339537923715218,24.660462076284773,1.216764054394137,2025-07-24T21:52:46.852190
02275.png,-1,20.0,12.237676546600651,27.76232345339934,1.2247871892004056,2025-07-24T21:52:47.074508
02276.png,-1,20.0,10.066373582620455,29.933626417379536,1.222612943087789,2025-07-24T21:52:47.298966
02277.png,-1,20.0,8.54646150783432,31.453538492165674,1.2345057879215915,2025-07-24T21:52:47.526191
02278.png,0,20.0,11.982523055484023,28.01747694451597,1.2434022031537266,2025-07-24T21:52:47.750097
02279.png,0,20.0,14.387766138838815,25.612233861161176,1.2485397744278055,2025-07-24T21:52:47.963056
02280.png,0,20.0,16.07143629718717,23.928563702812824,1.2323595272875378,2025-07-24T21:52:48.177784
02281.png,0,20.0,17.25000540803102,22.749994591968974,1.2197619982452212,2025-07-24T21:52:48.406490
02282.png,0,20.0,18.07500378562171,21.924996214378282,1.2091154496532652,2025-07-24T21:52:48.617152
02283.png,-1,20.0,14.152502649935197,25.8474973500648,1.2067532851422904,2025-07-24T21:52:48.842929
02284.png,-1,20.0,11.406751854954637,28.593248145045358,1.221649489064229,2025-07-24T21:52:49.061492
02285.png,-1,20.0,9.484726298468246,30.51527370153175,1.2296844514453613,2025-07-24T21:52:49.278008
02286.png,-1,20.0,8.139308408927771,31.860691591072225,1.265064222818557,2025-07-24T21:52:49.497224
02287.png,0,20.0,11.69751588624944,28.302484113750555,1.264319431017757,2025-07-24T21:52:49.719127
02288.png,0,20.0,14.188261120374607,25.811738879625388,1.2584558623260482,2025-07-24T21:52:49.952316
02289.png,0,20.0,15.931782784262225,24.06821721573777,1.2483580928038578,2025-07-24T21:52:50.164770
02290.png,0,20.0,17.152247948983558,22.84775205101644,1.2059564009253727,2025-07-24T21:52:50.406298
02291.png,0,20.0,18.006573564288487,21.993426435711505,1.1770224860073555,2025-07-24T21:52:50.632353
02292.png,-1,20.0,14.10460149500194,25.895398504998052,1.1700729467826712,2025-07-24T21:52:50.861685
02293.png,-1,20.0,11.373221046501358,28.626778953498636,1.210321270971614,2025-07-24T21:52:51.103617
02294.png,-1,20.0,9.46125473255095,30.538745267449045,1.2012996585206441,2025-07-24T21:52:51.323468
02295.png,-1,20.0,8.122878312785666,31.87712168721433,1.2269517629818305,2025-07-24T21:52:51.538656
02296.png,-1,20.0,7.186014818949966,32.81398518105003,1.2555771537613685,2025-07-24T21:52:51.752301
02297.png,-1,20.0,6.530210373264976,33.46978962673502,1.2728588450580023,2025-07-24T21:52:51.981400
02298.png,0,20.0,10.571147261285482,29.428852738714514,1.2735839771650481,2025-07-24T21:52:52.193431
02299.png,0,20.0,13.399803082899837,26.60019691710016,1.2663200049453796,2025-07-24T21:52:52.416209
02300.png,0,20.0,15.379862158029885,24.62013784197011,1.249074236707117,2025-07-24T21:52:52.636938
02301.png,-1,20.0,12.26590351062092,27.734096489379077,1.2446468040742058,2025-07-24T21:52:52.847900
02302.png,0,20.0,14.586132457434642,25.413867542565352,1.2451183981118916,2025-07-24T21:52:53.071309
02303.png,0,20.0,16.21029272020425,23.789707279795746,1.2470790097158375,2025-07-24T21:52:53.290361
02304.png,-1,20.0,12.847204904142975,27.15279509585702,1.2228242463819499,2025-07-24T21:52:53.516590
02305.png,0,20.0,14.993043432900082,25.006956567099913,1.2232799356893094,2025-07-24T21:52:53.751028
02306.png,0,20.0,16.495130403030057,23.504869596969936,1.1912875245716388,2025-07-24T21:52:53.978794
02307.png,0,20.0,17.54659128212104,22.453408717878954,1.167779556555376,2025-07-24T21:52:54.204403
02308.png,0,20.0,18.282613897484726,21.717386102515267,1.152287741745739,2025-07-24T21:52:54.434672
02309.png,0,20.0,18.797829728239307,21.202170271760686,1.1614759066294618,2025-07-24T21:52:54.677416
02310.png,0,20.0,19.158480809767514,20.84151919023248,1.1894958683335528,2025-07-24T21:52:54.906978
02311.png,0,20.0,19.410936566837258,20.589063433162735,1.2080447985457707,2025-07-24T21:52:55.125362
02312.png,-1,20.0,15.08765559678608,24.912344403213915,1.177523860384599,2025-07-24T21:52:55.340118
02313.png,-1,20.0,12.061358917750255,27.938641082249738,1.185818020257566,2025-07-24T21:52:55.572556
02314.png,-1,20.0,9.942951242425178,30.057048757574815,1.1964600497752385,2025-07-24T21:52:55.814472
02315.png,-1,20.0,8.460065869697624,31.53993413030237,1.1898724078629903,2025-07-24T21:52:56.032492
02316.png,0,20.0,11.922046108788336,28.077953891211656,1.207165546985168,2025-07-24T21:52:56.258563
02317.png,0,20.0,14.345432276151834,25.654567723848157,1.2227801248776828,2025-07-24T21:52:56.472791
02318.png,0,20.0,16.041802593306283,23.95819740669371,1.229248354340973,2025-07-24T21:52:56.715592
02319.png,1,20.0,21.729261815314395,18.270738184685595,1.2069114798050498,2025-07-24T21:52:56.952407
02320.png,0,20.0,21.210483270720076,18.789516729279917,1.2170662832062642,2025-07-24T21:52:57.195466
02321.png,0,20.0,20.84733828950405,19.15266171049594,1.2255761496494415,2025-07-24T21:52:57.440330
02322.png,0,20.0,20.593136802652836,19.406863197347157,1.2168944321931832,2025-07-24T21:52:57.686903
02323.png,0,20.0,20.415195761856985,19.584804238143008,1.2221125389213403,2025-07-24T21:52:57.928000
02324.png,0,20.0,20.290637033299888,19.709362966700105,1.2320957223210358,2025-07-24T21:52:58.172127
02325.png,-1,20.0,15.70344592330992,24.29655407669007,1.2078537800914717,2025-07-24T21:52:58.409156
02326.png,0,20.0,16.992412146316944,23.00758785368305,1.205696175837214,2025-07-24T21:52:58.654977
02327.png,0,20.0,17.89468850242186,22.105311497578132,1.1907831537375362,2025-07-24T21:52:58.919081
02328.png,0,20.0,18.526281951695303,21.47371804830469,1.1732255797835935,2025-07-24T21:52:59.201946
02329.png,0,20.0,18.96839736618671,21.031602633813282,1.1859246301576176,2025-07-24T21:52:59.453446
02330.png,0,20.0,19.277878156330697,20.722121843669296,1.1949900222772782,2025-07-24T21:52:59.734960
02331.png,0,20.0,19.494514709431485,20.505485290568508,1.1904390877566449,2025-07-24T21:52:59.982346
02332.png,0,20.0,19.64616029660204,20.353839703397952,1.215344427601255,2025-07-24T21:53:00.221581
02333.png,0,20.0,19.75231220762143,20.247687792378564,1.2220168300867729,2025-07-24T21:53:00.487536
02334.png,0,20.0,19.826618545335002,20.17338145466499,1.2237771845008225,2025-07-24T21:53:00.744032
02335.png,0,20.0,19.8786329817345,20.121367018265495,1.211094805312531,2025-07-24T21:53:01.022653
02336.png,0,20.0,19.91504308721415,20.084956912785845,1.2047152661379896,2025-07-24T21:53:01.281086
02337.png,0,20.0,19.940530161049907,20.05946983895009,1.2116634617180944,2025-07-24T21:53:01.542887
02338.png,-1,20.0,15.458371112734934,24.541628887265063,1.202780393943367,2025-07-24T21:53:01.810092
02339.png,-1,20.0,12.320859778914453,27.679140221085543,1.2115686645065156,2025-07-24T21:53:02.078160
02340.png,-1,20.0,10.124601845240116,29.87539815475988,1.2253570975686465,2025-07-24T21:53:02.347918
02341.png,-1,20.0,8.587221291668081,31.412778708331913,1.2531883271696072,2025-07-24T21:53:02.622054
02342.png,0,20.0,12.011054904167658,27.98894509583234,1.239777003559975,2025-07-24T21:53:02.863823
02343.png,0,20.0,14.407738432917359,25.592261567082637,1.223592891452332,2025-07-24T21:53:03.103893
02344.png,0,20.0,16.08541690304215,23.914583096957845,1.1998121501081467,2025-07-24T21:53:03.346802
02345.png,0,20.0,17.259791832129505,22.74020816787049,1.1512693116098731,2025-07-24T21:53:03.588976
02346.png,0,20.0,18.081854282490653,21.918145717509343,1.1534246882570425,2025-07-24T21:53:03.811010
02347.png,0,20.0,18.657297997743456,21.342702002256537,1.1636220702029205,2025-07-24T21:53:04.050942
02348.png,0,20.0,19.06010859842042,20.939891401579573,1.1736812903588731,2025-07-24T21:53:04.289992
02349.png,0,20.0,19.342076018894293,20.6579239811057,1.1985405907644062,2025-07-24T21:53:04.530380
02350.png,0,20.0,19.539453213226004,20.46054678677399,1.2022165602384576,2025-07-24T21:53:04.774810
02351.png,0,20.0,19.6776172492582,20.32238275074179,1.2077090381504647,2025-07-24T21:53:05.013773
02352.png,0,20.0,19.77433207448074,20.225667925519254,1.215635306525852,2025-07-24T21:53:05.260985
02353.png,0,20.0,19.842032452136515,20.15796754786348,1.2118358044556297,2025-07-24T21:53:05.504939
02354.png,0,20.0,19.88942271649556,20.110577283504433,1.207730584750068,2025-07-24T21:53:05.730260
02355.png,0,20.0,19.92259590154689,20.0774040984531,1.2131138854298147,2025-07-24T21:53:05.970302
02356.png,1,20.0,24.445817131082823,15.55418286891717,1.2396665259271666,2025-07-24T21:53:06.218243
02357.png,0,20.0,23.112071991757976,16.88792800824202,1.259935153519434,2025-07-24T21:53:06.462872
02358.png,1,20.0,26.67845039423058,13.321549605769414,1.299336610432956,2025-07-24T21:53:06.707058
02359.png,0,20.0,24.674915275961403,15.32508472403859,1.3030426652797973,2025-07-24T21:53:06.984070
02360.png,1,20.0,27.77244069317298,12.227559306827011,1.3373616773402994,2025-07-24T21:53:07.269636
02361.png,0,20.0,25.440708485221087,14.559291514778907,1.3439725971995806,2025-07-24T21:53:07.546107
02362.png,1,20.0,28.308495939654758,11.691504060345235,1.3768617589021364,2025-07-24T21:53:07.813423
02363.png,0,20.0,25.81594715775833,14.184052842241664,1.4013227782017421,2025-07-24T21:53:08.083769
02364.png,0,20.0,24.07116301043083,15.928836989569165,1.3989984212576816,2025-07-24T21:53:08.356646
02365.png,0,20.0,22.84981410730158,17.150185892698417,1.347109564442385,2025-07-24T21:53:08.631449
02366.png,0,20.0,21.994869875111107,18.005130124888893,1.29926274536199,2025-07-24T21:53:08.879590
02367.png,0,20.0,21.396408912577776,18.603591087422224,1.2628946346161392,2025-07-24T21:53:09.131825
02368.png,0,20.0,20.977486238804442,19.022513761195555,1.2677004571335857,2025-07-24T21:53:09.370949
02369.png,0,20.0,20.684240367163106,19.315759632836887,1.2285717535109273,2025-07-24T21:53:09.629504
02370.png,0,20.0,20.478968257014174,19.52103174298582,1.2265334453616121,2025-07-24T21:53:09.879399
02371.png,0,20.0,20.335277779909923,19.664722220090074,1.2173488924393725,2025-07-24T21:53:10.133186
02372.png,0,20.0,20.234694445936945,19.76530555406305,1.23234989535194,2025-07-24T21:53:10.384163
02373.png,0,20.0,20.16428611215586,19.835713887844136,1.2141654581148493,2025-07-24T21:53:10.633244
02374.png,0,20.0,20.1150002785091,19.884999721490892,1.2217348487948627,2025-07-24T21:53:10.880676
02375.png,0,20.0,20.08050019495637,19.919499805043625,1.2207014204651006,2025-07-24T21:53:11.121949
02376.png,0,20.0,20.05635013646946,19.94364986353054,1.2154638445465682,2025-07-24T21:53:11.405158
02377.png,0,20.0,20.03944509552862,19.960554904471376,1.2162501881094487,2025-07-24T21:53:11.660184
02378.png,0,20.0,20.027611566870036,19.972388433129964,1.2187142095111025,2025-07-24T21:53:11.907731
02379.png,0,20.0,20.019328096809026,19.980671903190974,1.2127559943133934,2025-07-24T21:53:12.169595
02380.png,0,20.0,20.013529667766317,19.98647033223368,1.223323482009618,2025-07-24T21:53:12.422125
02381.png,0,20.0,20.00947076743642,19.990529232563574,1.223487321944655,2025-07-24T21:53:12.662455
02382.png,0,20.0,20.00662953720549,19.993370462794502,1.2113802398765312,2025-07-24T21:53:12.911533
02383.png,0,20.0,20.00464067604384,19.99535932395615,1.1981760606073053,2025-07-24T21:53:13.167902
02384.png,0,20.0,20.003248473230688,19.996751526769305,1.2057478521260838,2025-07-24T21:53:13.425331
02385.png,0,20.0,20.00227393126148,19.997726068738515,1.2061153109947838,2025-07-24T21:53:13.676838
02386.png,1,20.0,24.501591751883034,15.49840824811696,1.247172947946457,2025-07-24T21:53:13.922379
02387.png,0,20.0,23.15111422631812,16.84888577368187,1.2753763052154707,2025-07-24T21:53:14.149448
02388.png,0,20.0,22.205779958422685,17.79422004157731,1.287148184935304,2025-07-24T21:53:14.392798
02389.png,1,20.0,26.04404597089588,13.955954029104117,1.3202502308521495,2025-07-24T21:53:14.629974
02390.png,0,20.0,24.230832179627114,15.76916782037288,1.3317344371104722,2025-07-24T21:53:14.862850
02391.png,0,20.0,22.96158252573898,17.038417474261017,1.3059960060343232,2025-07-24T21:53:15.092994
02392.png,0,20.0,22.073107768017284,17.926892231982713,1.3064933239232879,2025-07-24T21:53:15.324495
02393.png,1,20.0,25.951175437612097,14.048824562387898,1.3098463687304973,2025-07-24T21:53:15.547767
02394.png,0,20.0,24.165822806328467,15.834177193671527,1.3384913419842313,2025-07-24T21:53:15.773277
02395.png,0,20.0,22.916075964429925,17.08392403557007,1.3316678442350247,2025-07-24T21:53:15.995732
02396.png,0,20.0,22.041253175100948,17.95874682489905,1.311579113657921,2025-07-24T21:53:16.205039
02397.png,0,20.0,21.428877222570662,18.57112277742933,1.2717387200165826,2025-07-24T21:53:16.443495
02398.png,0,20.0,21.00021405579946,18.999785944200532,1.2501368186736017,2025-07-24T21:53:16.670919
02399.png,0,20.0,20.70014983905962,19.299850160940373,1.2472159423130054,2025-07-24T21:53:16.897806
02400.png,1,20.0,24.990104887341733,15.00989511265826,1.274385824680322,2025-07-24T21:53:17.121647
02401.png,0,20.0,23.49307342113921,16.50692657886078,1.2974841799236978,2025-07-24T21:53:17.349925
02402.png,1,20.0,26.945151394797445,13.054848605202546,1.3297849254201763,2025-07-24T21:53:17.574104
02403.png,0,20.0,24.86160597635821,15.138394023641782,1.349330835321462,2025-07-24T21:53:17.787363
02404.png,0,20.0,23.403124183450746,16.596875816549247,1.3468016711020137,2025-07-24T21:53:18.013393
02405.png,0,20.0,22.38218692841552,17.61781307158447,1.3319654852516478,2025-07-24T21:53:18.232649
02406.png,0,20.0,21.667530849890866,18.33246915010913,1.2907297265029016,2025-07-24T21:53:18.443650
02407.png,0,20.0,21.167271594923605,18.832728405076388,1.266231885140819,2025-07-24T21:53:18.668663
02408.png,0,20.0,20.817090116446522,19.18290988355347,1.2497752723141977,2025-07-24T21:53:18.887510
02409.png,0,20.0,20.571963081512564,19.42803691848743,1.215176678240309,2025-07-24T21:53:19.111743
02410.png,0,20.0,20.400374157058792,19.5996258429412,1.2241522743100373,2025-07-24T21:53:19.337326
02411.png,1,20.0,24.780261909941153,15.21973809005884,1.232543205710245,2025-07-24T21:53:19.561313
02412.png,0,20.0,23.346183336958806,16.653816663041187,1.2595733082240603,2025-07-24T21:53:19.789451
02413.png,0,20.0,22.342328335871162,17.65767166412883,1.2665303101664716,2025-07-24T21:53:20.014842
02414.png,0,20.0,21.63962983510981,18.36037016489018,1.2433020851346326,2025-07-24T21:53:20.240687
02415.png,0,20.0,21.14774088457687,18.852259115423124,1.2441092904817295,2025-07-24T21:53:20.469147
02416.png,1,20.0,25.303418619203807,14.696581380796186,1.2526154917474088,2025-07-24T21:53:20.682951
02417.png,1,20.0,28.212393033442662,11.787606966557329,1.3035636667900936,2025-07-24T21:53:20.914981
02418.png,0,20.0,25.748675123409864,14.251324876590129,1.314104237468042,2025-07-24T21:53:21.138468
02419.png,0,20.0,24.024072586386904,15.975927413613089,1.347228665060531,2025-07-24T21:53:21.368446
02420.png,1,20.0,27.316850810470832,12.683149189529162,1.376816785702121,2025-07-24T21:53:21.577980
02421.png,0,20.0,25.12179556732958,14.878204432670413,1.385614490348627,2025-07-24T21:53:21.805153
02422.png,0,20.0,23.585256897130705,16.414743102869288,1.3823714549668438,2025-07-24T21:53:22.017643
02423.png,1,20.0,27.009679827991494,12.9903201720085,1.413388404553698,2025-07-24T21:53:22.242981
02424.png,0,20.0,24.906775879594043,15.09322412040595,1.4255274211694329,2025-07-24T21:53:22.461214
02425.png,0,20.0,23.43474311571583,16.565256884284164,1.403591456998621,2025-07-24T21:53:22.672544
02426.png,1,20.0,26.90432018100108,13.095679818998914,1.409729022348349,2025-07-24T21:53:22.901503
02427.png,0,20.0,24.833024126700753,15.166975873299238,1.4206029257682165,2025-07-24T21:53:23.108739
02428.png,0,20.0,23.383116888690527,16.616883111309466,1.3909825139160332,2025-07-24T21:53:23.339056
02429.png,1,20.0,26.86818182208337,13.131818177916626,1.4166514624288102,2025-07-24T21:53:23.568025
02430.png,0,20.0,24.807727275458358,15.192272724541638,1.400700630944331,2025-07-24T21:53:23.779409
02431.png,0,20.0,23.36540909282085,16.634590907179145,1.3858686205169084,2025-07-24T21:53:24.004287
02432.png,1,20.0,26.855786364974595,13.144213635025402,1.3986026969033913,2025-07-24T21:53:24.220213
02433.png,1,20.0,29.299050455482217,10.70094954451778,1.4281424793693107,2025-07-24T21:53:24.431639
02434.png,1,20.0,31.00933531883755,8.990664681162446,1.4531044800634974,2025-07-24T21:53:24.662293
02435.png,1,20.0,32.20653472318628,7.793465276813712,1.4888114502146386,2025-07-24T21:53:24.874750
02436.png,1,20.0,33.044574306230395,6.955425693769598,1.5098067681703686,2025-07-24T21:53:25.098400
02437.png,1,20.0,33.63120201436128,6.368797985638718,1.5281024067006028,2025-07-24T21:53:25.313767
02438.png,1,20.0,34.041841410052896,5.958158589947102,1.5567619215967787,2025-07-24T21:53:25.530276
02439.png,1,20.0,34.329288987037025,5.670711012962971,1.5802412536907093,2025-07-24T21:53:25.751094
02440.png,1,20.0,34.53050229092592,5.46949770907408,1.6095430585141106,2025-07-24T21:53:25.977837
02441.png,1,20.0,34.67135160364814,5.328648396351856,1.6260972152659285,2025-07-24T21:53:26.191722
02442.png,1,20.0,34.7699461225537,5.230053877446299,1.624819225242346,2025-07-24T21:53:26.405672
02443.png,1,20.0,34.83896228578759,5.161037714212409,1.6424529091039377,2025-07-24T21:53:26.631844
02444.png,1,20.0,34.88727360005131,5.112726399948686,1.6441571959569434,2025-07-24T21:53:26.846580
02445.png,1,20.0,34.921091520035915,5.078908479964079,1.6594814393819253,2025-07-24T21:53:27.082375
02446.png,1,20.0,34.94476406402514,5.055235935974855,1.6649096158861776,2025-07-24T21:53:27.298498
02447.png,1,20.0,34.96133484481759,5.038665155182398,1.6830326366405308,2025-07-24T21:53:27.514409
02448.png,1,20.0,34.97293439137231,5.027065608627678,1.6969339629138926,2025-07-24T21:53:27.739583
02449.png,1,20.0,34.98105407396062,5.0189459260393745,1.6955269349260484,2025-07-24T21:53:27.953243
02450.png,1,20.0,34.98673785177243,5.013262148227562,1.6890777649113136,2025-07-24T21:53:28.180609
02451.png,1,20.0,34.9907164962407,5.009283503759293,1.698846972724217,2025-07-24T21:53:28.391174
02452.png,1,20.0,34.99350154736849,5.006498452631504,1.6892623149397217,2025-07-24T21:53:28.620688
02453.png,1,20.0,34.995451083157946,5.004548916842053,1.6885792726012068,2025-07-24T21:53:28.848891
02454.png,1,20.0,34.99681575821056,5.0031842417894365,1.6959133157895419,2025-07-24T21:53:29.074392
02455.png,0,20.0,30.49777103074739,9.502228969252606,1.6310154225352202,2025-07-24T21:53:29.301663
02456.png,0,20.0,27.34843972152317,12.651560278476824,1.5013920562760894,2025-07-24T21:53:29.550766
02457.png,0,20.0,25.143907805066217,14.856092194933776,1.3620638505233158,2025-07-24T21:53:29.810193
02458.png,0,20.0,23.60073546354635,16.399264536453643,1.297647124336177,2025-07-24T21:53:30.075471
02459.png,-1,20.0,18.020514824482444,21.97948517551755,1.2282327183735557,2025-07-24T21:53:30.354347
02460.png,-1,20.0,14.114360377137709,25.885639622862286,1.197884522369396,2025-07-24T21:53:30.640083
02461.png,-1,20.0,11.380052263996395,28.6199477360036,1.199197234541606,2025-07-24T21:53:30.903154
02462.png,-1,20.0,9.466036584797475,30.533963415202518,1.1880455740669071,2025-07-24T21:53:31.176169
02463.png,-1,20.0,8.126225609358233,31.87377439064176,1.2017849792302528,2025-07-24T21:53:31.451600
02464.png,-1,20.0,7.188357926550763,32.811642073449235,1.2196992667071265,2025-07-24T21:53:31.730421
02465.png,0,20.0,11.031850548585535,28.96814945141446,1.2398892782878723,2025-07-24T21:53:32.009220
02466.png,0,20.0,13.722295384009874,26.27770461599012,1.2449956760655811,2025-07-24T21:53:32.293571
02467.png,0,20.0,15.605606768806911,24.394393231193085,1.244465254917233,2025-07-24T21:53:32.557341
02468.png,1,20.0,21.423924738164835,18.576075261835157,1.2535416551571454,2025-07-24T21:53:32.837945
02469.png,1,20.0,25.496747316715386,14.50325268328461,1.2728023307142704,2025-07-24T21:53:33.113814
02470.png,1,20.0,28.347723121700767,11.652276878299226,1.3101617146093598,2025-07-24T21:53:33.413550
02471.png,1,20.0,30.343406185190535,9.656593814809458,1.3580049787951691,2025-07-24T21:53:33.717713
02472.png,1,20.0,31.740384329633372,8.259615670366621,1.3903927134298164,2025-07-24T21:53:34.009465
02473.png,1,20.0,32.71826903074336,7.2817309692566345,1.4265029312487902,2025-07-24T21:53:34.292870
02474.png,1,20.0,33.40278832152035,6.597211678479644,1.463776923535651,2025-07-24T21:53:34.556449
02475.png,1,20.0,33.88195182506424,6.11804817493575,1.512277901043122,2025-07-24T21:53:34.826118
02476.png,1,20.0,34.21736627754497,5.782633722455025,1.5500427075230063,2025-07-24T21:53:35.088821
02477.png,0,20.0,29.952156394281477,10.047843605718517,1.545323627288963,2025-07-24T21:53:35.341974
02478.png,0,20.0,26.966509475997032,13.03349052400296,1.554328871364998,2025-07-24T21:53:35.583058
02479.png,1,20.0,29.37655663319792,10.623443366802071,1.5616650830610088,2025-07-24T21:53:35.840777
02480.png,1,20.0,31.063589643238544,8.93641035676145,1.580441523424441,2025-07-24T21:53:36.077158
02481.png,1,20.0,32.24451275026698,7.755487249733014,1.5968650889029339,2025-07-24T21:53:36.319481
02482.png,1,20.0,33.07115892518688,6.92884107481311,1.6185137066568263,2025-07-24T21:53:36.554604
02483.png,1,20.0,33.649811247630815,6.350188752369177,1.633907531490726,2025-07-24T21:53:36.781992
02484.png,1,20.0,34.054867873341564,5.945132126658423,1.6691331331496237,2025-07-24T21:53:37.021639
02485.png,1,20.0,34.33840751133909,5.661592488660896,1.6603482028902548,2025-07-24T21:53:37.253430
02486.png,1,20.0,34.536885257937364,5.463114742062627,1.6784843229497757,2025-07-24T21:53:37.477284
02487.png,1,20.0,34.67581968055615,5.324180319443839,1.685570314479258,2025-07-24T21:53:37.702856
02488.png,1,20.0,34.77307377638931,5.226926223610686,1.688194983776048,2025-07-24T21:53:37.915423
02489.png,1,20.0,34.841151643472514,5.15884835652748,1.6985457925661556,2025-07-24T21:53:38.126889
02490.png,0,0.0,24.38880615043076,3.611193849569236,1.5451784494911769,2025-07-24T21:53:38.341283
02491.png,0,-20.0,11.07216430530153,-3.472164305301535,1.2962752603798462,2025-07-24T21:53:38.545470
02492.png,0,-20.0,1.7505150137110705,-8.430515013711075,1.0356020950250546,2025-07-24T21:53:38.745575
02493.png,0,-20.0,-4.774639490402251,-11.901360509597751,0.7887543217318063,2025-07-24T21:53:38.942366
02494.png,0,-20.0,-9.342247643281576,-14.330952356718425,0.5172817407102585,2025-07-24T21:53:39.143941
02495.png,0,-20.0,-12.539573350297104,-16.0316666497029,0.2639348384443962,2025-07-24T21:53:39.340574
02496.png,0,-20.0,-14.777701345207973,-17.222166654792026,0.0018023168618892984,2025-07-24T21:53:39.532859
02497.png,0,-20.0,-16.344390941645578,-18.055516658354417,-0.25417369371964543,2025-07-24T21:53:39.744556
02498.png,0,-20.0,-17.441073659151904,-18.638861660848093,-0.4994702292654454,2025-07-24T21:53:39.947932
02499.png,0,-20.0,-18.20875156140633,-19.047203162593664,-0.7525276533088258,2025-07-24T21:53:40.144449
02500.png,0,-20.0,-18.746126092984433,-19.333042213815567,-0.993120333853119,2025-07-24T21:53:40.358531
02501.png,0,-20.0,-19.122288265089104,-19.533129549670896,-1.155322206671094,2025-07-24T21:53:40.557478
02502.png,0,-20.0,-19.385601785562372,-19.673190684769626,-1.1772386057624245,2025-07-24T21:53:40.761540
02503.png,0,-20.0,-19.56992124989366,-19.77123347933874,-1.1876158351548884,2025-07-24T21:53:40.960389
02504.png,0,-20.0,-19.698944874925562,-19.83986343553712,-1.2068224634078155,2025-07-24T21:53:41.181750
02505.png,0,-20.0,-19.789261412447892,-19.887904404875982,-1.2036325381106567,2025-07-24T21:53:41.403602
02506.png,0,-20.0,-19.852482988713525,-19.921533083413188,-1.2093396699949601,2025-07-24T21:53:41.617527
02507.png,0,-20.0,-19.89673809209947,-19.94507315838923,-1.209899594001555,2025-07-24T21:53:41.846052
02508.png,0,-20.0,-19.927716664469628,-19.96155121087246,-1.2093976289029478,2025-07-24T21:53:42.084404
02509.png,0,-20.0,-19.94940166512874,-19.973085847610722,-1.211020633844835,2025-07-24T21:53:42.310233
02510.png,0,0.0,-13.964581165590117,-13.981160093327505,-1.012806936558224,2025-07-24T21:53:42.537112
02511.png,0,0.0,-9.775206815913082,-9.786812065329253,-0.7450913598685202,2025-07-24T21:53:42.776511
02512.png,0,0.0,-6.842644771139157,-6.850768445730476,-0.491572868080203,2025-07-24T21:53:43.005194
02513.png,0,0.0,-4.789851339797409,-4.795537912011333,-0.2899780985715371,2025-07-24T21:53:43.242511
02514.png,0,0.0,-3.3528959378581864,-3.3568765384079327,-0.2040704298985224,2025-07-24T21:53:43.465804
02515.png,0,0.0,-2.3470271565007303,-2.349813576885553,-0.14696051923384756,2025-07-24T21:53:43.693501
02516.png,0,0.0,-1.642919009550511,-1.6448695038198868,-0.10302102230056563,2025-07-24T21:53:43.919923
02517.png,0,0.0,-1.1500433066853577,-1.1514086526739207,-0.06997257013353052,2025-07-24T21:53:44.146041
02518.png,1,20.0,9.694969685320249,0.6940139431282556,0.05236080055976816,2025-07-24T21:53:44.373879
02519.png,1,20.0,17.286478779724174,1.9858097601897788,0.17500117664393358,2025-07-24T21:53:44.603645
02520.png,1,20.0,22.600535145806923,2.8900668321328453,0.26954498111321956,2025-07-24T21:53:44.828310
02521.png,1,20.0,26.320374602064845,3.5230467824929916,0.35990747633379855,2025-07-24T21:53:45.053155
02522.png,1,20.0,28.92426222144539,3.966132747745094,0.4298860663675456,2025-07-24T21:53:45.284428
02523.png,1,20.0,30.74698355501177,4.276292923421566,0.4957527867853785,2025-07-24T21:53:45.520134
02524.png,1,20.0,32.02288848850824,4.493405046395096,0.5694376089062514,2025-07-24T21:53:45.744447
02525.png,1,20.0,32.91602194195576,4.645383532476567,0.6418437813016069,2025-07-24T21:53:45.979266
02526.png,1,20.0,33.54121535936903,4.7517684727335965,0.6942001773166593,2025-07-24T21:53:46.204005
02527.png,1,20.0,33.978850751558326,4.826237930913518,0.7649488335369025,2025-07-24T21:53:46.446115
02528.png,1,20.0,34.28519552609083,4.878366551639463,0.8207735594321699,2025-07-24T21:53:46.672705
02529.png,0,20.0,29.99963686826358,9.414856586147623,0.892688569815385,2025-07-24T21:53:46.914491
02530.png,0,20.0,26.999745807784503,12.590399610303336,0.9966797192055356,2025-07-24T21:53:47.137864
02531.png,-1,20.0,20.39982206544915,19.313279727212333,1.1548451915419566,2025-07-24T21:53:47.373813
02532.png,-1,20.0,15.779875445814405,24.019295809048632,1.1831867210191818,2025-07-24T21:53:47.599495
02533.png,-1,20.0,12.545912812070082,27.31350706633404,1.1993328063994861,2025-07-24T21:53:47.830287
02534.png,0,20.0,14.782138968449056,25.119454946433827,1.1874468379127745,2025-07-24T21:53:48.068578
02535.png,0,20.0,16.34749727791434,23.583618462503676,1.1661311106757928,2025-07-24T21:53:48.302411
02536.png,1,20.0,21.94324809454004,18.008532923752572,1.190557157232699,2025-07-24T21:53:48.539466
02537.png,1,20.0,25.860273666178024,14.105973046626799,1.2248332546433958,2025-07-24T21:53:48.774135
02538.png,1,20.0,28.602191566324617,11.374181132638759,1.2663309212533822,2025-07-24T21:53:49.021879
02539.png,1,20.0,30.52153409642723,9.46192679284713,1.3165123601985922,2025-07-24T21:53:49.251420
02540.png,1,20.0,31.86507386749906,8.12334875499299,1.3411009668886218,2025-07-24T21:53:49.483074
02541.png,1,20.0,32.805551707249336,7.186344128495093,1.3743608807807706,2025-07-24T21:53:49.711293
02542.png,1,20.0,33.46388619507454,6.530440889946565,1.4082755948843282,2025-07-24T21:53:49.948584
02543.png,0,20.0,29.424720336552173,10.571308622962595,1.4327827708848058,2025-07-24T21:53:50.174925
02544.png,0,20.0,26.59730423558652,13.399916036073815,1.4313442767347409,2025-07-24T21:53:50.390161
02545.png,-1,20.0,20.118112964910562,19.87994122525167,1.3117539030429821,2025-07-24T21:53:50.615297
02546.png,0,20.0,20.08267907543739,19.915958857676166,1.2195515529485959,2025-07-24T21:53:50.826774
02547.png,0,20.0,20.05787535280617,19.941171200373315,1.2283851238819397,2025-07-24T21:53:51.061926
02548.png,-1,20.0,15.54051274696432,24.45881984026132,1.1913592105796196,2025-07-24T21:53:51.319204
02549.png,-1,20.0,12.378358922875023,27.621173888182923,1.1945458488347778,2025-07-24T21:53:51.538664
02550.png,-1,20.0,10.164851246012516,29.834821721728044,1.2131668490575993,2025-07-24T21:53:51.764271
02551.png,0,20.0,13.115395872208762,26.88437520520963,1.2061129200075704,2025-07-24T21:53:51.988293
02552.png,0,20.0,15.180777110546133,24.81906264364674,1.215888017822435,2025-07-24T21:53:52.214203
02553.png,0,20.0,16.62654397738229,23.373343850552715,1.2039175403319593,2025-07-24T21:53:52.457053
02554.png,0,20.0,17.6385807841676,22.3613406953869,1.1988419483405421,2025-07-24T21:53:52.680778
02555.png,0,20.0,18.34700654891732,21.65293848677083,1.1927793679188348,2025-07-24T21:53:52.914188
02556.png,0,20.0,18.842904584242124,21.15705694073958,1.1810637415548648,2025-07-24T21:53:53.163119
02557.png,0,20.0,19.19003320896949,20.809939858517705,1.1908621452269224,2025-07-24T21:53:53.391610
02558.png,0,20.0,19.43302324627864,20.566957900962393,1.1797324450357782,2025-07-24T21:53:53.646423
02559.png,-1,20.0,15.103116272395047,24.896870530673674,1.199838120399248,2025-07-24T21:53:53.898877
02560.png,-1,20.0,12.072181390676532,27.92780937147157,1.190041262731945,2025-07-24T21:53:54.139125
02561.png,-1,20.0,9.950526973473572,30.049466560030098,1.2145780547416936,2025-07-24T21:53:54.387948
02562.png,0,20.0,12.9653688814315,27.034626592021066,1.2139357073268577,2025-07-24T21:53:54.658231
02563.png,0,20.0,15.075758217002049,24.924238614414744,1.2109493639365023,2025-07-24T21:53:54.925209
02564.png,0,20.0,16.55303075190143,23.44696703009032,1.162383761568966,2025-07-24T21:53:55.185255
02565.png,1,20.0,22.087121526331003,17.912876921063223,1.1637416707967805,2025-07-24T21:53:55.444728
02566.png,0,20.0,21.460985068431704,18.539013844744254,1.2009232673838286,2025-07-24T21:53:55.699782
02567.png,0,20.0,21.02268954790219,18.977309691320976,1.230270263029722,2025-07-24T21:53:55.950048
02568.png,0,20.0,20.715882683531532,19.28411678392468,1.2200608999730869,2025-07-24T21:53:56.212070
02569.png,0,20.0,20.501117878472073,19.498881748747277,1.2158003578850407,2025-07-24T21:53:56.442626
02570.png,-1,20.0,15.850782514930449,24.149217224123092,1.1912849120646074,2025-07-24T21:53:56.685376
02571.png,-1,20.0,12.595547760451314,27.404452056886164,1.1999549615907816,2025-07-24T21:53:56.937921
02572.png,-1,20.0,10.316883432315919,29.683116439820314,1.2387980520337907,2025-07-24T21:53:57.184854
02573.png,-1,20.0,8.721818402621142,31.27818150787422,1.2364430672559596,2025-07-24T21:53:57.414390
02574.png,0,20.0,12.1052728818348,27.894727055511954,1.2505284171389115,2025-07-24T21:53:57.647238
02575.png,0,20.0,14.47369101728436,25.526308938858367,1.2450446265678117,2025-07-24T21:53:57.883480
02576.png,0,20.0,16.13158371209905,23.868416257200856,1.2454480762009894,2025-07-24T21:53:58.124984
02577.png,0,20.0,17.292108598469333,22.7078913800406,1.2173336950892142,2025-07-24T21:53:58.365310
02578.png,0,20.0,18.104476018928533,21.89552396602842,1.1846751480226443,2025-07-24T21:53:58.635634
02579.png,-1,20.0,14.173133213249972,25.826866776219894,1.1777071662215726,2025-07-24T21:53:58.883550
02580.png,-1,20.0,11.42119324927498,28.578806743353926,1.1852241689652006,2025-07-24T21:53:59.128709
02581.png,-1,20.0,9.494835274492486,30.505164720347747,1.1948381082965451,2025-07-24T21:53:59.369449
02582.png,-1,20.0,8.14638469214474,31.853615304243423,1.2358662498439743,2025-07-24T21:53:59.610655
02583.png,-1,20.0,7.202469284501317,32.7975307129704,1.269497314451058,2025-07-24T21:53:59.851362
02584.png,0,20.0,11.04172849915092,28.958271499079277,1.2902704484611554,2025-07-24T21:54:00.100281
02585.png,0,20.0,13.729209949405643,26.270790049355494,1.300198429688647,2025-07-24T21:54:00.338723
02586.png,0,20.0,15.61044696458395,24.389553034548843,1.284688947149546,2025-07-24T21:54:00.570100
02587.png,-1,20.0,12.427312875208765,27.57268712418419,1.286588261475229,2025-07-24T21:54:00.805396
02588.png,-1,20.0,10.199119012646134,29.80088098692893,1.2822145999692236,2025-07-24T21:54:01.041060
02589.png,-1,20.0,8.639383308852294,31.36061669085025,1.3024417268156538,2025-07-24T21:54:01.276068
02590.png,-1,20.0,7.547568316196605,32.45243168359517,1.310240386837265,2025-07-24T21:54:01.517529
02591.png,-1,20.0,6.783297821337623,33.21670217851662,1.3260658676155739,2025-07-24T21:54:01.754996
02592.png,-1,20.0,6.248308474936335,33.75169152496163,1.3369933407870895,2025-07-24T21:54:02.000141
02593.png,-1,20.0,5.873815932455434,34.12618406747314,1.3499046015060687,2025-07-24T21:54:02.232939
02594.png,-1,20.0,5.611671152718804,34.38832884723119,1.3534457606771009,2025-07-24T21:54:02.473815
02595.png,-1,20.0,5.4281698069031625,34.571830193061835,1.3564375479590391,2025-07-24T21:54:02.721108
02596.png,-1,20.0,5.299718864832213,34.700281135143285,1.3517645712606337,2025-07-24T21:54:02.963304
02597.png,0,20.0,9.70980320538255,30.2901967946003,1.3535795808122075,2025-07-24T21:54:03.203850
02598.png,0,20.0,12.796862243767784,27.203137756220208,1.339014057431627,2025-07-24T21:54:03.420510
02599.png,0,20.0,14.957803570637449,25.042196429354146,1.342152459931659,2025-07-24T21:54:03.640876
02600.png,0,20.0,16.470462499446214,23.5295375005479,1.2957949761688434,2025-07-24T21:54:03.873799
02601.png,1,20.0,22.02932374961235,17.97067625038353,1.2665303218118393,2025-07-24T21:54:04.100403
02602.png,0,20.0,21.420526624728645,18.57947337526847,1.2606713113245573,2025-07-24T21:54:04.327375
02603.png,0,20.0,20.99436863731005,19.00563136268793,1.2465314683233264,2025-07-24T21:54:04.554234
02604.png,0,20.0,20.696058046117034,19.303941953881548,1.22722383739738,2025-07-24T21:54:04.785502
02605.png,-1,20.0,15.987240632281923,24.01275936771708,1.202456836396587,2025-07-24T21:54:05.018544
02606.png,0,20.0,17.191068442597345,22.808931557401955,1.1929250516717291,2025-07-24T21:54:05.255018
02607.png,-1,20.0,13.53374790981814,26.466252090181367,1.1874851802971047,2025-07-24T21:54:05.493411
02608.png,0,20.0,15.473623536872697,24.526376463126955,1.192486330212168,2025-07-24T21:54:05.715956
02609.png,-1,20.0,12.331536475810887,27.668463524188866,1.1884600847712605,2025-07-24T21:54:05.937255
02610.png,0,20.0,14.63207553306762,25.367924466932205,1.2062362642651527,2025-07-24T21:54:06.153707
02611.png,0,20.0,16.242452873147336,23.757547126852543,1.1799675099800297,2025-07-24T21:54:06.367485
02612.png,0,20.0,17.369717011203136,22.63028298879678,1.1771310273696174,2025-07-24T21:54:06.578513
02613.png,0,20.0,18.158801907842196,21.841198092157747,1.1658177606462516,2025-07-24T21:54:06.808722
02614.png,1,20.0,23.211161335489535,16.788838664510422,1.203165068512904,2025-07-24T21:54:07.020715
02615.png,0,20.0,22.247812934842674,17.752187065157294,1.2429778893586476,2025-07-24T21:54:07.244843
02616.png,0,20.0,21.57346905438987,18.426530945610104,1.250871406413088,2025-07-24T21:54:07.463055
02617.png,0,20.0,21.101428338072907,18.898571661927072,1.2348191683411294,2025-07-24T21:54:07.675840
02618.png,-1,20.0,16.270999836651036,23.72900016334895,1.2044302657461166,2025-07-24T21:54:07.904964
02619.png,0,20.0,17.389699885655723,22.610300114344263,1.1833400691321214,2025-07-24T21:54:08.125496
02620.png,-1,20.0,13.672789919959005,26.327210080040985,1.1912936483593786,2025-07-24T21:54:08.342757
02621.png,-1,20.0,11.070952943971303,28.929047056028686,1.2091658441305184,2025-07-24T21:54:08.554150
02622.png,-1,20.0,9.249667060779911,30.75033293922008,1.233735081904003,2025-07-24T21:54:08.769978
02623.png,0,20.0,12.474766942545937,27.525233057454056,1.248298914967737,2025-07-24T21:54:08.980485
02624.png,0,20.0,14.732336859782155,25.267663140217838,1.243318194711196,2025-07-24T21:54:09.196880
02625.png,0,20.0,16.312635801847506,23.687364198152487,1.2315314748822135,2025-07-24T21:54:09.409966
02626.png,1,20.0,21.918845061293254,18.08115493870674,1.2343387641697006,2025-07-24T21:54:09.639478
02627.png,0,20.0,21.343191542905277,18.656808457094716,1.247651649227419,2025-07-24T21:54:09.865613
02628.png,1,20.0,25.440234080033694,14.559765919966301,1.2714273370406877,2025-07-24T21:54:10.093232
02629.png,0,20.0,23.808163856023583,16.19183614397641,1.2971535709212287,2025-07-24T21:54:10.303428
02630.png,0,20.0,22.665714699216508,17.334285300783485,1.3027004639459971,2025-07-24T21:54:10.518256
02631.png,-1,20.0,17.366000289451556,22.633999710548437,1.261638665284928,2025-07-24T21:54:10.747833
02632.png,0,20.0,18.156200202616088,21.843799797383905,1.2165911042716169,2025-07-24T21:54:10.960115
02633.png,0,20.0,18.709340141831262,21.29065985816873,1.1902395103764987,2025-07-24T21:54:11.191841
02634.png,-1,20.0,14.596538099281883,25.40346190071811,1.1807527108815032,2025-07-24T21:54:11.406781
02635.png,0,20.0,16.21757666949732,23.782423330502677,1.1603619376273973,2025-07-24T21:54:11.629104
02636.png,0,20.0,17.352303668648123,22.647696331351874,1.1575950136548152,2025-07-24T21:54:11.857904
02637.png,0,20.0,18.146612568053683,21.85338743194631,1.1662045924783873,2025-07-24T21:54:12.101910
02638.png,-1,20.0,14.202628797637578,25.797371202362413,1.1790535504185249,2025-07-24T21:54:12.320902
02639.png,0,20.0,15.941840158346304,24.058159841653687,1.1749375278855394,2025-07-24T21:54:12.546866
02640.png,0,20.0,17.15928811084241,22.84071188915758,1.1671176156829794,2025-07-24T21:54:12.771641
02641.png,-1,20.0,13.511501677589687,26.488498322410305,1.180723907804851,2025-07-24T21:54:12.985699
02642.png,0,20.0,15.45805117431278,24.54194882568721,1.179419038872748,2025-07-24T21:54:13.214243
02643.png,0,20.0,16.820635822018946,23.179364177981046,1.1744540785822402,2025-07-24T21:54:13.429401
02644.png,0,20.0,17.77444507541326,22.22555492458673,1.1432145502376951,2025-07-24T21:54:13.642175
02645.png,-1,20.0,13.942111552789282,26.05788844721071,1.1517379728358406,2025-07-24T21:54:13.870648
02646.png,-1,20.0,11.259478086952496,28.7405219130475,1.1730912647904808,2025-07-24T21:54:14.077979
02647.png,-1,20.0,9.381634660866748,30.61836533913325,1.2128050486215982,2025-07-24T21:54:14.290591
02648.png,-1,20.0,8.067144262606723,31.93285573739327,1.2363166594121089,2025-07-24T21:54:14.505876
02649.png,-1,20.0,7.1470009838247055,32.85299901617529,1.2495361849036757,2025-07-24T21:54:14.718887
02650.png,-1,20.0,6.502900688677293,33.4970993113227,1.2680246987720754,2025-07-24T21:54:14.944314
02651.png,0,20.0,10.552030482074105,29.447969517925888,1.2811655023513486,2025-07-24T21:54:15.170231
02652.png,0,20.0,13.386421337451873,26.61357866254812,1.2759042502187856,2025-07-24T21:54:15.383316
02653.png,-1,20.0,10.87049493621631,29.129505063783682,1.2756543900976487,2025-07-24T21:54:15.596004
02654.png,-1,20.0,9.109346455351417,30.890653544648575,1.2911369208225085,2025-07-24T21:54:15.811418
02655.png,-1,20.0,7.876542518745992,32.123457481254,1.2935833541447639,2025-07-24T21:54:16.022467
02656.png,-1,20.0,7.013579763122194,32.9864202368778,1.309437660508008,2025-07-24T21:54:16.253903
02657.png,-1,20.0,6.409505834185535,33.59049416581446,1.3279962472186602,2025-07-24T21:54:16.469610
02658.png,-1,20.0,5.986654083929874,34.01334591607012,1.3444904876241004,2025-07-24T21:54:16.695262
02659.png,-1,20.0,5.690657858750912,34.30934214124908,1.345685008497139,2025-07-24T21:54:16.906141
02660.png,-1,20.0,5.483460501125638,34.51653949887435,1.3649342323088498,2025-07-24T21:54:17.119381
02661.png,-1,20.0,5.338422350787946,34.66157764921205,1.3808208307392515,2025-07-24T21:54:17.345292
02662.png,-1,20.0,5.236895645551561,34.76310435444843,1.4003220590454177,2025-07-24T21:54:17.572186
02663.png,0,20.0,9.665826951886093,30.3341730481139,1.4165601745580938,2025-07-24T21:54:17.804249
02664.png,0,20.0,12.766078866320264,27.23392113367973,1.4057992803024117,2025-07-24T21:54:18.018098
02665.png,1,20.0,19.436255206424185,20.563744793575808,1.293852208995024,2025-07-24T21:54:18.243698
02666.png,0,20.0,19.60537864449693,20.394621355503062,1.2112947123161981,2025-07-24T21:54:18.455822
02667.png,1,20.0,24.22376505114785,15.776234948852142,1.230342792147469,2025-07-24T21:54:18.687729
02668.png,1,20.0,27.456635535803493,12.543364464196499,1.2769968831096856,2025-07-24T21:54:18.926526
02669.png,0,20.0,25.219644875062443,14.780355124937548,1.3141313449024892,2025-07-24T21:54:19.157000
02670.png,-1,20.0,19.15375141254371,20.846248587456284,1.2341107020922069,2025-07-24T21:54:19.375842
02671.png,0,20.0,19.407625988780595,20.5923740112194,1.210841514001933,2025-07-24T21:54:19.584931
02672.png,0,20.0,19.585338192146416,20.414661807853577,1.2075381035372446,2025-07-24T21:54:19.828665
02673.png,-1,20.0,15.20973673450249,24.7902632654975,1.175183637996308,2025-07-24T21:54:20.053957
02674.png,0,20.0,16.646815714151742,23.35318428584825,1.1830280135580264,2025-07-24T21:54:20.283651
02675.png,0,20.0,17.652770999906217,22.347229000093776,1.1800197995190662,2025-07-24T21:54:20.512471
02676.png,-1,20.0,13.856939699934351,26.143060300065642,1.1613854128749264,2025-07-24T21:54:20.744490
02677.png,-1,20.0,11.199857789954045,28.800142210045948,1.1939788223414514,2025-07-24T21:54:20.977970
02678.png,0,20.0,13.839900452967832,26.16009954703216,1.189634967214265,2025-07-24T21:54:21.212439
02679.png,0,20.0,15.687930317077482,24.312069682922512,1.1988275481834156,2025-07-24T21:54:21.441396
02680.png,0,20.0,16.981551221954238,23.01844877804576,1.1797435860566015,2025-07-24T21:54:21.671880
02681.png,0,20.0,17.887085855367964,22.11291414463203,1.1830028317615389,2025-07-24T21:54:21.893587
02682.png,0,20.0,18.520960098757573,21.47903990124242,1.1740393106041356,2025-07-24T21:54:22.121305
02683.png,0,20.0,18.9646720691303,21.03532793086969,1.1786898468174523,2025-07-24T21:54:22.359901
02684.png,-1,20.0,14.775270448391211,25.22472955160878,1.1745828683798807,2025-07-24T21:54:22.598309
02685.png,0,20.0,16.342689313873848,23.657310686126145,1.1680089952838493,2025-07-24T21:54:22.838498
02686.png,0,20.0,17.439882519711695,22.5601174802883,1.1691673206363467,2025-07-24T21:54:23.066149
02687.png,0,20.0,18.207917763798186,21.79208223620181,1.1649890134757213,2025-07-24T21:54:23.307209
02688.png,-1,20.0,14.245542434658729,25.754457565341266,1.1584776109549195,2025-07-24T21:54:23.536312
02689.png,0,20.0,15.97187970426111,24.028120295738884,1.1455554768503577,2025-07-24T21:54:23.774624
02690.png,0,20.0,17.180315792982775,22.819684207017218,1.1538888371856268,2025-07-24T21:54:24.015031
02691.png,0,20.0,18.02622105508794,21.973778944912052,1.1479637461949508,2025-07-24T21:54:24.253200
02692.png,-1,20.0,14.118354738561559,25.881645261438436,1.1563343723824635,2025-07-24T21:54:24.481922
02693.png,0,20.0,15.88284831699309,24.117151683006902,1.1637909984899208,2025-07-24T21:54:24.721633
02694.png,0,20.0,17.117993821895162,22.88200617810483,1.1719916741396286,2025-07-24T21:54:24.962414
02695.png,0,20.0,17.982595675326614,22.017404324673382,1.167451194464176,2025-07-24T21:54:25.220076
02696.png,0,20.0,18.58781697272863,21.412183027271368,1.156544321823318,2025-07-24T21:54:25.478241
02697.png,0,20.0,19.011471880910037,20.988528119089956,1.185533372490017,2025-07-24T21:54:25.725708
02698.png,-1,20.0,14.808030316637025,25.19196968336297,1.1685860357484887,2025-07-24T21:54:25.975352
02699.png,-1,20.0,11.865621221645917,28.134378778354076,1.1639687750966614,2025-07-24T21:54:26.227245
02700.png,-1,20.0,9.805934855152142,30.19406514484785,1.1572380239527944,2025-07-24T21:54:26.468090
02701.png,-1,20.0,8.364154398606498,31.635845601393495,1.182694170185009,2025-07-24T21:54:26.721053
02702.png,0,20.0,11.854908079024549,28.145091920975446,1.1901651735783496,2025-07-24T21:54:26.962352
02703.png,0,20.0,14.298435655317183,25.70156434468281,1.1776987961971923,2025-07-24T21:54:27.206475
02704.png,1,20.0,20.508904958722027,19.491095041277966,1.1932793030331974,2025-07-24T21:54:27.464348
02705.png,1,20.0,24.85623347110542,15.143766528894576,1.2452842149885557,2025-07-24T21:54:27.693377
02706.png,0,20.0,23.399363429773793,16.6006365702262,1.26309525588745,2025-07-24T21:54:27.931212
02707.png,0,20.0,22.379554400841656,17.620445599158337,1.27830533618086,2025-07-24T21:54:28.177683
02708.png,0,20.0,21.665688080589156,18.334311919410837,1.283386181505005,2025-07-24T21:54:28.427352
02709.png,0,20.0,21.165981656412406,18.834018343587587,1.2485885980079452,2025-07-24T21:54:28.673910
02710.png,0,20.0,20.816187159488685,19.183812840511308,1.2363698622847958,2025-07-24T21:54:28.922641
02711.png,0,20.0,20.57133101164208,19.428668988357913,1.2037439115490194,2025-07-24T21:54:29.163934
02712.png,0,20.0,20.399931708149452,19.60006829185054,1.2200602118246044,2025-07-24T21:54:29.402159
02713.png,0,20.0,20.279952195704617,19.720047804295376,1.2200354864228231,2025-07-24T21:54:29.661767
02714.png,0,20.0,20.195966536993232,19.80403346300676,1.221599915403007,2025-07-24T21:54:29.908387
02715.png,-1,20.0,15.637176575895262,24.362823424104732,1.214247703663,2025-07-24T21:54:30.165701
02716.png,-1,20.0,12.446023603126683,27.55397639687331,1.2385514264205773,2025-07-24T21:54:30.416538
02717.png,-1,20.0,10.212216522188678,29.787783477811317,1.2434069205892704,2025-07-24T21:54:30.674776
02718.png,-1,20.0,8.648551565532074,31.35144843446792,1.2929285377147695,2025-07-24T21:54:30.924862
02719.png,-1,20.0,7.553986095872451,32.44601390412754,1.3218134971486264,2025-07-24T21:54:31.195790
02720.png,0,20.0,11.287790267110715,28.712209732889278,1.3336318306413437,2025-07-24T21:54:31.487366
02721.png,0,20.0,13.9014531869775,26.098546813022494,1.3350719632345704,2025-07-24T21:54:31.779069
02722.png,0,20.0,15.73101723088425,24.268982769115745,1.3108046564253457,2025-07-24T21:54:32.071089
02723.png,0,20.0,17.011712061618972,22.98828793838102,1.2527911421670124,2025-07-24T21:54:32.376053
02724.png,0,20.0,17.90819844313328,22.091801556866713,1.2147367986271473,2025-07-24T21:54:32.664501
02725.png,-1,20.0,14.035738910193295,25.964261089806698,1.2222852752491682,2025-07-24T21:54:32.953483
02726.png,-1,20.0,11.325017237135306,28.674982762864687,1.223062679206137,2025-07-24T21:54:33.248433
02727.png,-1,20.0,9.427512065994714,30.57248793400528,1.2586763371435312,2025-07-24T21:54:33.534744
02728.png,-1,20.0,8.099258446196298,31.900741553803694,1.2584926924066167,2025-07-24T21:54:33.819909
02729.png,-1,20.0,7.169480912337408,32.83051908766258,1.271641584759284,2025-07-24T21:54:34.114689
02730.png,0,20.0,11.018636638636185,28.981363361363805,1.2729392344033736,2025-07-24T21:54:34.404862
02731.png,0,20.0,13.713045647045329,26.286954352954663,1.2772764028209025,2025-07-24T21:54:34.684728
02732.png,0,20.0,15.59913195293173,24.40086804706826,1.257132699722172,2025-07-24T21:54:34.968042
02733.png,0,20.0,16.91939236705221,23.080607632947782,1.20743741188284,2025-07-24T21:54:35.258847
02734.png,0,20.0,17.843574656936546,22.156425343063447,1.1728396708191002,2025-07-24T21:54:35.541724
02735.png,0,20.0,18.49050225985558,21.50949774014441,1.1520091322557773,2025-07-24T21:54:35.831667
02736.png,1,20.0,23.443351581898906,16.556648418101087,1.2011568178102563,2025-07-24T21:54:36.124563
02737.png,0,20.0,22.410346107329232,17.58965389267076,1.208484186422417,2025-07-24T21:54:36.404748
02738.png,0,20.0,21.687242275130462,18.31275772486953,1.2179328579408963,2025-07-24T21:54:36.686530
02739.png,1,20.0,25.68106959259132,14.31893040740867,1.2313638379576723,2025-07-24T21:54:36.981991
02740.png,0,20.0,23.976748714813922,16.02325128518607,1.2664194117176297,2025-07-24T21:54:37.261177
02741.png,0,20.0,22.783724100369746,17.216275899630247,1.2786095741601786,2025-07-24T21:54:37.538769
02742.png,0,20.0,21.94860687025882,18.05139312974117,1.280771240572069,2025-07-24T21:54:37.833963
02743.png,0,20.0,21.364024809181174,18.63597519081882,1.256541980921889,2025-07-24T21:54:38.124631
02744.png,0,20.0,20.954817366426823,19.045182633573173,1.2535362073375846,2025-07-24T21:54:38.408088
02745.png,0,20.0,20.668372156498776,19.33162784350122,1.2426922211183786,2025-07-24T21:54:38.690734
02746.png,0,20.0,20.46786050954914,19.532139490450852,1.2238614166920345,2025-07-24T21:54:38.981504
02747.png,0,20.0,20.3275023566844,19.672497643315594,1.2133561676311286,2025-07-24T21:54:39.271022
02748.png,0,20.0,20.229251649679078,19.770748350320915,1.2090714372095595,2025-07-24T21:54:39.551620
02749.png,0,20.0,20.160476154775353,19.83952384522464,1.2221369809392972,2025-07-24T21:54:39.833758
02750.png,0,20.0,20.11233330834275,19.887666691657248,1.2214797130362849,2025-07-24T21:54:40.111850
02751.png,0,20.0,20.078633315839923,19.921366684160073,1.226473655316442,2025-07-24T21:54:40.392296
02752.png,0,20.0,20.055043321087943,19.94495667891205,1.2226762201632304,2025-07-24T21:54:40.676180
02753.png,0,20.0,20.03853032476156,19.961469675238433,1.2131030264582152,2025-07-24T21:54:40.955611
02754.png,0,20.0,20.026971227333092,19.9730287726669,1.2111289793430708,2025-07-24T21:54:41.260184
02755.png,0,20.0,20.018879859133165,19.981120140866828,1.2109955856998642,2025-07-24T21:54:41.542201
02756.png,0,20.0,20.013215901393217,19.98678409860678,1.21192650222433,2025-07-24T21:54:41.829568
02757.png,0,20.0,20.00925113097525,19.990748869024745,1.220275993860444,2025-07-24T21:54:42.120041
02758.png,0,20.0,20.006475791682675,19.99352420831732,1.2049633061875342,2025-07-24T21:54:42.412219
02759.png,0,20.0,20.00453305417787,19.995466945822123,1.206436904732946,2025-07-24T21:54:42.706073
02760.png,0,20.0,20.003173137924506,19.996826862075487,1.2089148169466175,2025-07-24T21:54:42.984526
02761.png,-1,20.0,15.502221196547152,24.49777880345284,1.2181688941751012,2025-07-24T21:54:43.267244
02762.png,0,20.0,16.851554837583006,23.148445162416987,1.207913783230088,2025-07-24T21:54:43.543457
02763.png,0,20.0,17.796088386308103,22.20391161369189,1.1638825134509823,2025-07-24T21:54:43.822354
02764.png,0,20.0,18.45726187041567,21.542738129584322,1.1625955825719867,2025-07-24T21:54:44.099820
02765.png,0,20.0,18.92008330929097,21.079916690709027,1.1502376852592973,2025-07-24T21:54:44.381539
02766.png,0,20.0,19.244058316503676,20.755941683496317,1.1956360932129257,2025-07-24T21:54:44.661151
02767.png,0,20.0,19.47084082155257,20.529159178447422,1.206938998458827,2025-07-24T21:54:44.946900
02768.png,0,20.0,19.6295885750868,20.370411424913193,1.1929446117556124,2025-07-24T21:54:45.220322
02769.png,0,20.0,19.74071200256076,20.259287997439234,1.2050262865303305,2025-07-24T21:54:45.489690
02770.png,0,20.0,19.81849840179253,20.18150159820746,1.217988836776722,2025-07-24T21:54:45.768121
02771.png,0,20.0,19.87294888125477,20.12705111874522,1.2188675550808086,2025-07-24T21:54:46.051339
02772.png,0,20.0,19.911064216878337,20.088935783121656,1.2111896861258185,2025-07-24T21:54:46.342302
02773.png,0,20.0,19.937744951814835,20.062255048185158,1.2068593469600482,2025-07-24T21:54:46.616549
02774.png,0,20.0,19.956421466270385,20.043578533729608,1.2062506491874867,2025-07-24T21:54:46.892076
02775.png,0,20.0,19.969495026389268,20.030504973610725,1.2157794465738863,2025-07-24T21:54:47.166846
02776.png,0,20.0,19.978646518472488,20.021353481527505,1.2079482375755102,2025-07-24T21:54:47.433643
02777.png,0,20.0,19.98505256293074,20.014947437069253,1.222142703768949,2025-07-24T21:54:47.714884
02778.png,0,20.0,19.989536794051517,20.010463205948476,1.215911930358633,2025-07-24T21:54:47.996749
02779.png,0,20.0,19.99267575583606,20.007324244163932,1.2136501673794022,2025-07-24T21:54:48.280064
02780.png,0,20.0,19.99487302908524,20.005126970914752,1.2118209737582597,2025-07-24T21:54:48.559541
02781.png,0,20.0,19.996411120359667,20.003588879640326,1.211237304465253,2025-07-24T21:54:48.824990
02782.png,0,20.0,19.997487784251767,20.002512215748226,1.2106834628463887,2025-07-24T21:54:49.092080
02783.png,0,20.0,19.998241448976238,20.001758551023755,1.2054199361865907,2025-07-24T21:54:49.355858
02784.png,0,20.0,19.998769014283365,20.001230985716628,1.2045193569494599,2025-07-24T21:54:49.628800
02785.png,0,20.0,19.999138309998354,20.00086169000164,1.2179282207820294,2025-07-24T21:54:49.890336
02786.png,0,20.0,19.999396816998846,20.000603183001147,1.2122708699658802,2025-07-24T21:54:50.164418
02787.png,0,20.0,19.99957777189919,20.000422228100803,1.2110986713849647,2025-07-24T21:54:50.450096
02788.png,0,20.0,19.99970444032943,20.000295559670562,1.2024560195212461,2025-07-24T21:54:50.733650
02789.png,0,20.0,19.9997931082306,20.000206891769395,1.2159400036456116,2025-07-24T21:54:51.015015
02790.png,0,20.0,19.999855175761418,20.000144824238575,1.2052024603093288,2025-07-24T21:54:51.338695
02791.png,0,20.0,19.99989862303299,20.000101376967002,1.2126959123058936,2025-07-24T21:54:51.600907
02792.png,0,20.0,19.999929036123092,20.0000709638769,1.2195036697692838,2025-07-24T21:54:51.885195
02793.png,-1,20.0,15.499950325286164,24.50004967471383,1.1927348306364014,2025-07-24T21:54:52.148803
02794.png,-1,20.0,12.349965227700315,27.65003477229968,1.2223264322582752,2025-07-24T21:54:52.428008
02795.png,0,20.0,14.64497565939022,25.355024340609774,1.2040418831246462,2025-07-24T21:54:52.707687
02796.png,0,20.0,16.251482961573153,23.74851703842684,1.2015178076069133,2025-07-24T21:54:52.975753
02797.png,0,20.0,17.376038073101206,22.623961926898787,1.1778851387686398,2025-07-24T21:54:53.256277
02798.png,0,20.0,18.163226651170845,21.836773348829148,1.152733680451966,2025-07-24T21:54:53.521088
02799.png,0,20.0,18.71425865581959,21.2857413441804,1.1584457947419802,2025-07-24T21:54:53.785305
02800.png,0,20.0,19.099981059073713,20.90001894092628,1.172012012156126,2025-07-24T21:54:54.036758
02801.png,0,20.0,19.369986741351596,20.630013258648397,1.1853732710295066,2025-07-24T21:54:54.299450
02802.png,0,20.0,19.558990718946117,20.441009281053876,1.1954951331721153,2025-07-24T21:54:54.565164
02803.png,-1,20.0,15.191293503262282,24.808706496737713,1.1821949745748594,2025-07-24T21:54:54.825839
02804.png,0,20.0,16.633905452283596,23.366094547716397,1.1729609185591414,2025-07-24T21:54:55.068270
02805.png,0,20.0,17.643733816598516,22.356266183401477,1.1575969524459926,2025-07-24T21:54:55.322526
02806.png,-1,20.0,13.85061367161896,26.149386328381034,1.1576030133414033,2025-07-24T21:54:55.563257
02807.png,-1,20.0,11.195429570133271,28.804570429866722,1.1487406876226087,2025-07-24T21:54:55.816902
02808.png,0,20.0,13.836800699093288,26.163199300906705,1.1686669254857014,2025-07-24T21:54:56.053881
02809.png,0,20.0,15.6857604893653,24.314239510634692,1.1700021921790116,2025-07-24T21:54:56.280985
02810.png,0,20.0,16.98003234255571,23.019967657444283,1.1477771559814869,2025-07-24T21:54:56.510430
02811.png,0,20.0,17.886022639788997,22.113977360211,1.1475034262978903,2025-07-24T21:54:56.745774
02812.png,0,20.0,18.5202158478523,21.479784152147698,1.1401217366460326,2025-07-24T21:54:56.981555
02813.png,-1,20.0,14.464151093496609,25.53584890650339,1.1281769345193569,2025-07-24T21:54:57.214109
02814.png,-1,20.0,11.624905765447625,28.37509423455237,1.1399112314413635,2025-07-24T21:54:57.455086
02815.png,0,20.0,14.137434035813337,25.862565964186658,1.160074877373514,2025-07-24T21:54:57.689606
02816.png,0,20.0,15.896203825069335,24.103796174930658,1.1760668535388914,2025-07-24T21:54:57.918200
02817.png,0,20.0,17.127342677548533,22.87265732245146,1.1593363878707996,2025-07-24T21:54:58.146270
02818.png,0,20.0,17.98913987428397,22.01086012571602,1.1576971164438068,2025-07-24T21:54:58.377150
02819.png,0,20.0,18.59239791199878,21.407602088001212,1.1528383108532063,2025-07-24T21:54:58.603585
02820.png,0,20.0,19.014678538399146,20.985321461600847,1.1588787189020269,2025-07-24T21:54:58.838786
02821.png,-1,20.0,14.810274976879402,25.189725023120594,1.164359725281465,2025-07-24T21:54:59.083156
02822.png,-1,20.0,11.86719248381558,28.132807516184414,1.1677277407710038,2025-07-24T21:54:59.323209
02823.png,-1,20.0,9.807034738670906,30.19296526132909,1.1869493524014751,2025-07-24T21:54:59.562193
02824.png,-1,20.0,8.364924317069633,31.63507568293036,1.2061339927453243,2025-07-24T21:54:59.801193
02825.png,0,20.0,11.855447021948743,28.14455297805125,1.2439618046817336,2025-07-24T21:55:00.042562
02826.png,0,20.0,14.29881291536412,25.701187084635876,1.2416127332103166,2025-07-24T21:55:00.265690
02827.png,0,20.0,16.009169040754884,23.990830959245113,1.2213589984487228,2025-07-24T21:55:00.528878
02828.png,0,20.0,17.206418328528418,22.79358167147158,1.2065422508712782,2025-07-24T21:55:00.787125
02829.png,1,20.0,22.54449282996989,17.455507170030103,1.1950479333472197,2025-07-24T21:55:01.070121
02830.png,0,20.0,21.781144980978922,18.21885501902107,1.2290020170316687,2025-07-24T21:55:01.336312
02831.png,0,20.0,21.246801486685243,18.75319851331475,1.2470094039255297,2025-07-24T21:55:01.645621
02832.png,0,20.0,20.87276104067967,19.127238959320323,1.2335879956375386,2025-07-24T21:55:01.923920
02833.png,0,20.0,20.610932728475767,19.389067271524226,1.2322454173885713,2025-07-24T21:55:02.190117
02834.png,0,20.0,20.427652909933038,19.572347090066955,1.224465738256659,2025-07-24T21:55:02.461744
02835.png,0,20.0,20.299357036953126,19.700642963046867,1.2183626265622867,2025-07-24T21:55:02.722408
02836.png,0,20.0,20.209549925867186,19.790450074132806,1.2177087556557882,2025-07-24T21:55:03.004774
02837.png,0,20.0,20.14668494810703,19.853315051892963,1.2140700309383956,2025-07-24T21:55:03.271631
02838.png,-1,20.0,15.602679463674919,24.397320536325076,1.2234169327528919,2025-07-24T21:55:03.548377
02839.png,-1,20.0,12.421875624572444,27.578124375427553,1.2144659860717577,2025-07-24T21:55:03.829446
02840.png,0,20.0,14.69531293720071,25.304687062799285,1.1933972623671507,2025-07-24T21:55:04.096219
02841.png,-1,20.0,11.786719056040496,28.2132809439595,1.217121083482283,2025-07-24T21:55:04.376880
02842.png,-1,20.0,9.750703339228346,30.24929666077165,1.2311976331125438,2025-07-24T21:55:04.628635
02843.png,0,20.0,12.825492337459842,27.17450766254015,1.2251794973568433,2025-07-24T21:55:04.896097
02844.png,0,20.0,14.977844636221889,25.022155363778104,1.2173081886646528,2025-07-24T21:55:05.149113
02845.png,0,20.0,16.484491245355322,23.51550875464467,1.1627772216066816,2025-07-24T21:55:05.392384
02846.png,1,20.0,22.039143871748724,17.96085612825127,1.177397870947447,2025-07-24T21:55:05.629165
02847.png,0,20.0,21.427400710224106,18.572599289775887,1.2067545187093836,2025-07-24T21:55:05.871799
02848.png,0,20.0,20.99918049715687,19.00081950284312,1.2350065508565573,2025-07-24T21:55:06.099510
02849.png,0,20.0,20.69942634800981,19.300573651990184,1.2459029574789673,2025-07-24T21:55:06.343388
02850.png,-1,20.0,15.989598443606864,24.010401556393127,1.2225990008995744,2025-07-24T21:55:06.567153
02851.png,0,20.0,17.192718910524803,22.807281089475186,1.1893138627888467,2025-07-24T21:55:06.808730
02852.png,-1,20.0,13.534903237367361,26.46509676263263,1.1734372947157983,2025-07-24T21:55:07.047396
02853.png,-1,20.0,10.974432266157152,29.02556773384284,1.1941779363263783,2025-07-24T21:55:07.292648
02854.png,0,20.0,13.682102586310005,26.317897413689987,1.2091051909324733,2025-07-24T21:55:07.514310
02855.png,0,20.0,15.577471810417004,24.42252818958299,1.1946126047337802,2025-07-24T21:55:07.724095
02856.png,-1,20.0,12.404230267291902,27.595769732708092,1.2017599261913674,2025-07-24T21:55:07.945098
02857.png,0,20.0,14.68296118710433,25.317038812895664,1.2231151577728245,2025-07-24T21:55:08.163196
02858.png,0,20.0,16.27807283097303,23.721927169026962,1.1965782644399323,2025-07-24T21:55:08.376966
02859.png,-1,20.0,12.89465098168112,27.105349018318872,1.220043406956199,2025-07-24T21:55:08.604830
02860.png,0,20.0,15.026255687176784,24.97374431282321,1.1999637639787624,2025-07-24T21:55:08.826345
02861.png,0,20.0,16.518378981023748,23.481621018976245,1.212798924705053,2025-07-24T21:55:09.048590
02862.png,-1,20.0,13.062865286716622,26.93713471328337,1.2158987207620966,2025-07-24T21:55:09.275322
02863.png,-1,20.0,10.644005700701635,29.35599429929836,1.2296459973654148,2025-07-24T21:55:09.499696
02864.png,0,20.0,13.450803990491144,26.54919600950885,1.2401120901432234,2025-07-24T21:55:09.714685
02865.png,-1,20.0,10.9155627933438,29.084437206656194,1.2530715362781555,2025-07-24T21:55:09.938857
02866.png,0,20.0,13.64089395534066,26.359106044659335,1.2639710681431273,2025-07-24T21:55:10.163844
02867.png,-1,20.0,11.04862576873846,28.951374231261532,1.2839979078138106,2025-07-24T21:55:10.422937
02868.png,0,20.0,13.734038038116921,26.26596196188307,1.2733602882844663,2025-07-24T21:55:10.658467
02869.png,-1,20.0,11.113826626681844,28.886173373318147,1.2594511064513456,2025-07-24T21:55:10.899036
02870.png,-1,20.0,9.27967863867729,30.720321361322704,1.2565696362052758,2025-07-24T21:55:11.148975
02871.png,-1,20.0,7.995775047074102,32.004224952925895,1.2771833268521202,2025-07-24T21:55:11.410510
02872.png,-1,20.0,7.097042532951871,32.902957467048125,1.2828030693638537,2025-07-24T21:55:11.649305
02873.png,0,20.0,10.96792977306631,29.032070226933687,1.305666759501004,2025-07-24T21:55:11.903441
02874.png,0,20.0,13.677550841146417,26.32244915885358,1.3001459851559003,2025-07-24T21:55:12.157141
02875.png,0,20.0,15.574285588802491,24.425714411197504,1.2758756202642556,2025-07-24T21:55:12.397502
02876.png,0,20.0,16.90199991216174,23.09800008783825,1.227252528885791,2025-07-24T21:55:12.656752
02877.png,0,20.0,17.83139993851322,22.168600061486774,1.1910638289941227,2025-07-24T21:55:12.893447
02878.png,1,20.0,22.98197995695925,17.018020043040742,1.1914329334679385,2025-07-24T21:55:13.139321
02879.png,0,20.0,22.087385969871473,17.91261403012852,1.2179627141249143,2025-07-24T21:55:13.382260
02880.png,0,20.0,21.46117017891003,18.538829821089962,1.2479663651410422,2025-07-24T21:55:13.632940
02881.png,1,20.0,25.52281912523702,14.477180874762972,1.2617171485110732,2025-07-24T21:55:13.875806
02882.png,0,20.0,23.865973387665914,16.13402661233408,1.2710643586389234,2025-07-24T21:55:14.126680
02883.png,0,20.0,22.70618137136614,17.293818628633854,1.2857689523059408,2025-07-24T21:55:14.364114
02884.png,0,20.0,21.894326959956295,18.105673040043698,1.2869090665698424,2025-07-24T21:55:14.592716
02885.png,0,20.0,21.326028871969406,18.673971128030587,1.244991365546922,2025-07-24T21:55:14.851831
02886.png,0,20.0,20.928220210378583,19.07177978962141,1.2360425244052136,2025-07-24T21:55:15.090723
02887.png,0,20.0,20.649754147265007,19.350245852734986,1.2237212540338924,2025-07-24T21:55:15.338556
02888.png,0,20.0,20.4548279030855,19.54517209691449,1.2234231961741675,2025-07-24T21:55:15.581358
02889.png,0,20.0,20.318379532159852,19.681620467840144,1.2144510585126527,2025-07-24T21:55:15.820253
02890.png,0,20.0,20.222865672511894,19.7771343274881,1.2128076445902694,2025-07-24T21:55:16.065725
02891.png,1,20.0,24.656005970758322,15.343994029241669,1.2364531300744628,2025-07-24T21:55:16.288045
02892.png,1,20.0,27.759204179530823,12.240795820469168,1.2763373966716216,2025-07-24T21:55:16.530187
02893.png,0,20.0,25.431442925671575,14.568557074328417,1.2903013851343648,2025-07-24T21:55:16.752580
02894.png,1,20.0,28.3020100479701,11.697989952029891,1.3201277313990922,2025-07-24T21:55:16.980448
02895.png,0,20.0,25.81140703357907,14.188592966420924,1.3216918718787052,2025-07-24T21:55:17.208400
02896.png,0,20.0,24.067984923505346,15.932015076494645,1.3267361775797148,2025-07-24T21:55:17.446982
02897.png,0,20.0,22.847589446453743,17.15241055354625,1.335673046523286,2025-07-24T21:55:17.672835
02898.png,0,20.0,21.99331261251762,18.006687387482373,1.294552755292546,2025-07-24T21:55:17.884889
02899.png,-1,20.0,16.895318828762335,23.104681171237658,1.251551172344636,2025-07-24T21:55:18.101501
02900.png,0,20.0,17.826723180133634,22.17327681986636,1.2122015233662229,2025-07-24T21:55:18.326316
02901.png,0,20.0,18.478706226093543,21.52129377390645,1.1824277438157453,2025-07-24T21:55:18.543103
02902.png,0,20.0,18.93509435826548,21.064905641734512,1.1775965424842791,2025-07-24T21:55:18.757236
02903.png,0,20.0,19.254566050785836,20.74543394921416,1.2006262950149666,2025-07-24T21:55:18.972279
02904.png,0,20.0,19.478196235550087,20.521803764449913,1.1974429249207317,2025-07-24T21:55:19.193656
02905.png,1,20.0,24.134737364885062,15.865262635114938,1.2420120849490197,2025-07-24T21:55:19.408846
02906.png,0,20.0,22.894316155419542,17.105683844580454,1.255865277840423,2025-07-24T21:55:19.639460
02907.png,0,20.0,22.026021308793677,17.97397869120632,1.2567641472597555,2025-07-24T21:55:19.865981
02908.png,1,20.0,25.918214916155573,14.081785083844423,1.2877956224062241,2025-07-24T21:55:20.078493
02909.png,0,20.0,24.142750441308902,15.857249558691095,1.3053747762093246,2025-07-24T21:55:20.305253
02910.png,0,20.0,22.89992530891623,17.100074691083766,1.2981695117114138,2025-07-24T21:55:20.528204
02911.png,1,20.0,26.52994771624136,13.470052283758635,1.3169297732754413,2025-07-24T21:55:20.754289
02912.png,0,20.0,24.57096340136895,15.429036598631043,1.3347370433809467,2025-07-24T21:55:20.970457
02913.png,1,20.0,27.699674380958264,12.300325619041729,1.3501919462645668,2025-07-24T21:55:21.185690
02914.png,0,20.0,25.389772066670783,14.61022793332921,1.3677090151177265,2025-07-24T21:55:21.407517
02915.png,1,20.0,28.272840446669548,11.727159553330447,1.3962602570409737,2025-07-24T21:55:21.622062
02916.png,0,20.0,25.79098831266868,14.209011687331312,1.3966092138648378,2025-07-24T21:55:21.863782
02917.png,1,20.0,28.553691818868074,11.446308181131919,1.4008455205369787,2025-07-24T21:55:22.097915
02918.png,0,20.0,25.987584273207652,14.012415726792343,1.4138043543960805,2025-07-24T21:55:22.330208
02919.png,1,20.0,28.691308991245354,11.30869100875464,1.4317140502539984,2025-07-24T21:55:22.557073
02920.png,0,20.0,26.083916293871745,13.916083706128248,1.4397106033230764,2025-07-24T21:55:22.778190
02921.png,1,20.0,28.75874140571022,11.241258594289773,1.445512436534148,2025-07-24T21:55:22.995862
02922.png,0,20.0,26.131118983997155,13.868881016002842,1.4472299818438012,2025-07-24T21:55:23.239275
02923.png,1,20.0,28.79178328879801,11.208216711201988,1.4533347350170491,2025-07-24T21:55:23.462835
02924.png,0,20.0,26.154248302158603,13.84575169784139,1.4652505788957155,2025-07-24T21:55:23.688736
02925.png,1,20.0,28.807973811511022,11.192026188488972,1.4818773740033986,2025-07-24T21:55:23.905876
02926.png,0,20.0,26.165581668057715,13.834418331942281,1.4858221170711134,2025-07-24T21:55:24.134672
02927.png,0,20.0,24.3159071676404,15.684092832359596,1.424346147700298,2025-07-24T21:55:24.356548
02928.png,1,20.0,27.52113501734828,12.478864982651716,1.434951815801715,2025-07-24T21:55:24.572957
02929.png,0,20.0,25.264794512143794,14.7352054878562,1.4331735060750477,2025-07-24T21:55:24.783205
02930.png,1,20.0,28.185356158500653,11.81464384149934,1.4519575084691967,2025-07-24T21:55:25.016372
02931.png,0,20.0,25.729749310950456,14.270250689049538,1.433790384299512,2025-07-24T21:55:25.237298
02932.png,1,20.0,28.51082451766532,11.489175482334677,1.4421238847279467,2025-07-24T21:55:25.464039
02933.png,0,20.0,25.957577162365723,14.042422837634273,1.4512762062892228,2025-07-24T21:55:25.682597
02934.png,0,20.0,24.170304013656004,15.82969598634399,1.4003891264351398,2025-07-24T21:55:25.916659
02935.png,0,20.0,22.919212809559202,17.080787190440795,1.358766517904528,2025-07-24T21:55:26.145848
02936.png,0,20.0,22.04344896669144,17.956551033308557,1.30857105558817,2025-07-24T21:55:26.383855
02937.png,0,20.0,21.430414276684004,18.56958572331599,1.2793180060696507,2025-07-24T21:55:26.623910
02938.png,0,20.0,21.001289993678803,18.99871000632119,1.2559133968745624,2025-07-24T21:55:26.866850
02939.png,1,20.0,25.200902995575163,14.799097004424832,1.2753893546936037,2025-07-24T21:55:27.104044
02940.png,1,20.0,28.140632096902614,11.859367903097382,1.3218878561108838,2025-07-24T21:55:27.345059
02941.png,0,20.0,25.69844246783183,14.301557532168168,1.3572232582413015,2025-07-24T21:55:27.586246
02942.png,1,20.0,28.48890972748228,11.511090272517716,1.3773367162694075,2025-07-24T21:55:27.896840
02943.png,0,20.0,25.942236809237595,14.057763190762401,1.4057954142043627,2025-07-24T21:55:28.225335
02944.png,1,20.0,28.659565766466315,11.34043423353368,1.4261698244701468,2025-07-24T21:55:28.575193
02945.png,1,20.0,30.56169603652642,9.438303963473576,1.4862271064212853,2025-07-24T21:55:28.921573
02946.png,1,20.0,31.893187225568493,8.106812774431503,1.5126058201663122,2025-07-24T21:55:29.269523
02947.png,0,20.0,28.325231057897945,11.674768942102052,1.5243772531472184,2025-07-24T21:55:29.599344
02948.png,1,20.0,30.32766174052856,9.672338259471436,1.5560676577154375,2025-07-24T21:55:29.918791
02949.png,1,20.0,31.72936321836999,8.270636781630005,1.5869100812572206,2025-07-24T21:55:30.241550
02950.png,1,20.0,32.71055425285899,7.289445747141003,1.6030179649473695,2025-07-24T21:55:30.559656
02951.png,1,20.0,33.39738797700129,6.602612022998702,1.6265506740850457,2025-07-24T21:55:30.866282
02952.png,1,20.0,33.8781715839009,6.121828416099091,1.6683184484512699,2025-07-24T21:55:31.190694
02953.png,1,20.0,34.21472010873063,5.785279891269363,1.6987910128277193,2025-07-24T21:55:31.504843
02954.png,1,20.0,34.450304076111436,5.549695923888554,1.7171328187913226,2025-07-24T21:55:31.826782
02955.png,1,20.0,34.615212853278,5.384787146721988,1.7413992730616614,2025-07-24T21:55:32.136443
02956.png,1,20.0,34.7306489972946,5.269351002705391,1.7554465015888026,2025-07-24T21:55:32.461419
02957.png,1,20.0,34.81145429810622,5.188545701893773,1.777169218590886,2025-07-24T21:55:32.772110
02958.png,1,20.0,34.868018008674355,5.131981991325641,1.7877138218133939,2025-07-24T21:55:33.099560
02959.png,1,20.0,34.90761260607205,5.0923873939279485,1.7807070463627026,2025-07-24T21:55:33.386874
02960.png,1,20.0,34.93532882425043,5.064671175749563,1.7983418756011689,2025-07-24T21:55:33.694103
02961.png,1,20.0,34.9547301769753,5.045269823024694,1.794274366078374,2025-07-24T21:55:33.988934
02962.png,1,20.0,34.968311123882714,5.031688876117285,1.7945299711432432,2025-07-24T21:55:34.272912
02963.png,0,0.0,24.4778177867179,3.5221822132820995,1.5904464727661733,2025-07-24T21:55:34.548178
02964.png,0,-20.0,11.134472450702528,-3.5344724507025305,1.3283856021213538,2025-07-24T21:55:34.826820
02965.png,0,-20.0,1.794130715491769,-8.474130715491771,1.0669741623074551,2025-07-24T21:55:35.108136
02966.png,0,-20.0,-4.744108499155762,-11.93189150084424,0.7897551244910506,2025-07-24T21:55:35.392969
02967.png,0,-20.0,-9.320875949409032,-14.352324050590967,0.5126615614769527,2025-07-24T21:55:35.668736
02968.png,0,-20.0,-12.524613164586322,-16.046626835413676,0.2641222474400705,2025-07-24T21:55:35.934330
02969.png,0,-20.0,-14.767229215210424,-17.23263878478957,0.028516778840917422,2025-07-24T21:55:36.201302
02970.png,0,-20.0,-16.337060450647297,-18.0628471493527,-0.21018533895858132,2025-07-24T21:55:36.468231
02971.png,0,-20.0,-17.435942315453104,-18.64399300454689,-0.4671554398265756,2025-07-24T21:55:36.742246
02972.png,0,-20.0,-18.20515962081717,-19.05079510318282,-0.70755694532904,2025-07-24T21:55:37.013574
02973.png,0,-20.0,-18.74361173457202,-19.335556572227972,-0.9617775633382691,2025-07-24T21:55:37.286356
02974.png,0,-20.0,-19.120528214200412,-19.53488960055958,-1.1570518231264315,2025-07-24T21:55:37.562774
02975.png,1,-20.0,-23.884369749940287,-15.174422720391705,-1.1932091231343092,2025-07-24T21:55:37.845628
02976.png,0,0.0,-16.7190588249582,-10.622095904274193,-1.0204630071588934,2025-07-24T21:55:38.127417
02977.png,0,0.0,-11.703341177470739,-7.435467132991935,-0.7767818002572809,2025-07-24T21:55:38.425820
02978.png,0,0.0,-8.192338824229516,-5.204826993094354,-0.549789551879629,2025-07-24T21:55:38.722593
02979.png,0,0.0,-5.7346371769606606,-3.6433788951660477,-0.34375657550095273,2025-07-24T21:55:39.025476
02980.png,0,0.0,-4.014246023872462,-2.550365226616233,-0.2338001841377903,2025-07-24T21:55:39.327019
02981.png,0,0.0,-2.8099722167107233,-1.785255658631363,-0.16646906309799253,2025-07-24T21:55:39.617704
02982.png,0,0.0,-1.966980551697506,-1.249678961041954,-0.11889790607463202,2025-07-24T21:55:39.922586
02983.png,0,0.0,-1.376886386188254,-0.8747752727293678,-0.08296186262800304,2025-07-24T21:55:40.215144
02984.png,0,0.0,-0.9638204703317778,-0.6123426909105575,-0.05800333693104351,2025-07-24T21:55:40.512125
02985.png,0,0.0,-0.6746743292322444,-0.4286398836373902,-0.04043056816881929,2025-07-24T21:55:40.804168
02986.png,0,-20.0,-6.472272030462571,-6.3000479185461735,-0.22576839107946295,2025-07-24T21:55:41.082904
02987.png,0,-20.0,-10.5305904213238,-10.41003354298232,-0.4662230593960396,2025-07-24T21:55:41.378817
02988.png,0,-20.0,-13.371413294926661,-13.287023480087624,-0.7059118573219035,2025-07-24T21:55:41.673259
02989.png,0,-20.0,-15.359989306448663,-15.300916436061337,-0.9174569427431886,2025-07-24T21:55:41.979970
02990.png,0,0.0,-10.751992514514063,-10.710641505242936,-0.7509570483152997,2025-07-24T21:55:42.262812
02991.png,1,0.0,-7.526394760159843,-7.497449053670055,-0.5007729086374144,2025-07-24T21:55:42.558940
02992.png,1,0.0,-5.26847633211189,-5.2482143375690375,-0.3211004096939767,2025-07-24T21:55:42.849717
02993.png,1,0.0,-3.6879334324783226,-3.673750036298326,-0.222508553847718,2025-07-24T21:55:43.128044
02994.png,1,0.0,-2.5815534027348255,-2.571625025408828,-0.15650556052650247,2025-07-24T21:55:43.425156
02995.png,1,20.0,8.692912618085622,-0.30013751778617936,0.0016074906622103927,2025-07-24T21:55:43.727055
02996.png,1,20.0,16.585038832659933,1.2899037375496745,0.12372798364187408,2025-07-24T21:55:44.022092
02997.png,1,20.0,22.109527182861953,2.402932616284772,0.23612848533791558,2025-07-24T21:55:44.299236
02998.png,1,20.0,25.976669028003364,3.18205283139934,0.3184646876215853,2025-07-24T21:55:44.592725
02999.png,1,20.0,28.683668319602354,3.727436981979538,0.41357077545139387,2025-07-24T21:55:44.871909
03000.png,1,20.0,30.578567823721645,4.109205887385677,0.5027338702501823,2025-07-24T21:55:45.170458
03001.png,1,20.0,31.90499747660515,4.376444121169974,0.5818857403305961,2025-07-24T21:55:45.462047
03002.png,1,20.0,32.8334982336236,4.563510884818982,0.6465539276822011,2025-07-24T21:55:45.742777
03003.png,1,20.0,33.483448763536515,4.694457619373287,0.6996970340186127,2025-07-24T21:55:46.016333
03004.png,1,20.0,33.93841413447556,4.786120333561301,0.7595764766603956,2025-07-24T21:55:46.288052
03005.png,1,20.0,34.25688989413289,4.850284233492911,0.8276985310263038,2025-07-24T21:55:46.573837
03006.png,1,20.0,34.47982292589302,4.895198963445037,0.8761446258450958,2025-07-24T21:55:46.836542
03007.png,1,20.0,34.63587604812511,4.926639274411526,0.938055976671483,2025-07-24T21:55:47.098248
03008.png,0,20.0,30.245113233687576,9.448647492088067,1.009882281464025,2025-07-24T21:55:47.340347
03009.png,0,20.0,27.1715792635813,12.614053244461648,1.0669148776653639,2025-07-24T21:55:47.592791
03010.png,0,20.0,25.02010548450691,14.829837271123152,1.1501296105106036,2025-07-24T21:55:47.819978
03011.png,0,20.0,23.514073839154836,16.380886089786205,1.2031110816522774,2025-07-24T21:55:48.034824
03012.png,0,20.0,22.459851687408385,17.46662026285034,1.2321984537982924,2025-07-24T21:55:48.265226
03013.png,0,20.0,21.72189618118587,18.226634183995237,1.2440096988465292,2025-07-24T21:55:48.484938
03014.png,0,20.0,21.20532732683011,18.758643928796666,1.2428621949233276,2025-07-24T21:55:48.729029
03015.png,0,20.0,20.843729128781074,19.131050750157666,1.21507189002272,2025-07-24T21:55:48.956623
03016.png,0,20.0,20.59061039014675,19.391735525110363,1.2336460021976028,2025-07-24T21:55:49.193074
03017.png,1,20.0,24.913427273102727,15.074214867577254,1.271259991079262,2025-07-24T21:55:49.425884
03018.png,1,20.0,27.939399091171907,12.051950407304076,1.3037951308385558,2025-07-24T21:55:49.647586
03019.png,1,20.0,30.057579363820334,9.936365285112853,1.3349344178428595,2025-07-24T21:55:49.860897
03020.png,1,20.0,31.540305554674234,8.455455699578996,1.3687956304839886,2025-07-24T21:55:50.075312
03021.png,1,20.0,32.57821388827196,7.418818989705297,1.4032898398206812,2025-07-24T21:55:50.291325
03022.png,1,20.0,33.30474972179037,6.693173292793707,1.4474980892025686,2025-07-24T21:55:50.512758
03023.png,1,20.0,33.81332480525326,6.185221304955594,1.4623286789683339,2025-07-24T21:55:50.741099
03024.png,1,20.0,34.16932736367728,5.829654913468916,1.4829401420813135,2025-07-24T21:55:50.952382
03025.png,1,20.0,34.418529154574095,5.580758439428241,1.5112253821153492,2025-07-24T21:55:51.169079
03026.png,1,20.0,34.592970408201865,5.406530907599768,1.5322570317791668,2025-07-24T21:55:51.392960
03027.png,-1,20.0,25.715079285741304,14.284571635319837,1.476595808262059,2025-07-24T21:55:51.604386
03028.png,-1,20.0,19.500555500018912,20.499200144723886,1.3324791577399064,2025-07-24T21:55:51.819692
03029.png,-1,20.0,15.150388850013238,24.84944010130672,1.2785555388856198,2025-07-24T21:55:52.035860
03030.png,0,20.0,16.605272195009267,23.394608070914703,1.2404680838540314,2025-07-24T21:55:52.250026
03031.png,0,20.0,17.623690536506487,22.37622564964029,1.2031710985806459,2025-07-24T21:55:52.479412
03032.png,0,20.0,18.33658337555454,21.6633579547482,1.178514372424522,2025-07-24T21:55:52.700683
03033.png,0,20.0,18.835608362888177,21.16435056832374,1.170930461696038,2025-07-24T21:55:52.925977
03034.png,1,20.0,23.68492585402172,16.315045397826616,1.183905476339128,2025-07-24T21:55:53.138400
03035.png,0,20.0,22.579448097815202,17.42053177847863,1.221183765737322,2025-07-24T21:55:53.356038
03036.png,1,20.0,26.30561366847064,13.69437224493504,1.2561694717760434,2025-07-24T21:55:53.584086
03037.png,0,20.0,24.413929567929447,15.586060571454528,1.2775493592866045,2025-07-24T21:55:53.793657
03038.png,0,20.0,23.089750697550613,16.91024240001817,1.3088131507046965,2025-07-24T21:55:54.023924
03039.png,0,20.0,22.162825488285428,17.837169680012718,1.295547905156393,2025-07-24T21:55:54.233926
03040.png,0,20.0,21.5139778417998,18.4860187760089,1.2869906114784482,2025-07-24T21:55:54.463608
03041.png,0,20.0,21.05978448925986,18.94021314320623,1.2439485426210046,2025-07-24T21:55:54.701829
03042.png,0,20.0,20.741849142481904,19.25814920024436,1.2433105986724848,2025-07-24T21:55:54.934365
03043.png,0,20.0,20.519294399737333,19.480704440171053,1.2096687386288825,2025-07-24T21:55:55.180993
03044.png,1,20.0,24.863506079816133,15.136493108119737,1.2256117304900565,2025-07-24T21:55:55.407691
03045.png,1,20.0,27.904454255871293,12.095545175683815,1.268070985735303,2025-07-24T21:55:55.640766
03046.png,1,20.0,30.033117979109903,9.96688162297867,1.3081065408509953,2025-07-24T21:55:55.875207
03047.png,1,20.0,31.52318258537693,8.476817136085069,1.363303317992169,2025-07-24T21:55:56.108008
03048.png,0,20.0,28.06622780976385,11.933771995259548,1.3885663818802232,2025-07-24T21:55:56.357458
03049.png,0,0.0,19.646359466834692,8.353640396681683,1.2070210340068983,2025-07-24T21:55:56.609782
03050.png,0,0.0,13.752451626784284,5.847548277677178,0.9890520659002763,2025-07-24T21:55:56.859618
03051.png,0,0.0,9.626716138748998,4.093283794374024,0.710945227621326,2025-07-24T21:55:57.122152
03052.png,0,0.0,6.738701297124298,2.8652986560618166,0.4903260457963189,2025-07-24T21:55:57.366875
